query,category
What are the biological effects of inhaling heavy metals from smog?,Health Effects
"Doctor, Could you explain if how does smoke exposure affect elderly patients in assisted living homes?",Vulnerable Groups
What time of day is air quality cleanest for outdoor exercise?,Outdoor Activities
How many cigarettes equivalent is breathing air with an AQI of 75 for 24 hours?,Pollution Exposure
How does the Korean KF94 mask standard compare to the American N95?,Masks and Protection
How does distance from industrial emission stacks reduce particulate concentration?,Pollution Exposure
Explain what AQI 75 indicates.,AQI Information
Can you tell me: What diseases are directly attributable to poor outdoor air quality?,Health Effects
What should parents of toddlers with reactive airway disease do during smog?,Vulnerable Groups
Quick question: How does diesel particulate matter induce genotoxicity and DNA breaks?,Health Effects
Quick question: Why do pediatricians warn parents to keep babies indoors during red alerts?,Vulnerable Groups
Can wearing fitness wearables track physiological stress from sudden pollution exposure?,Pollution Exposure
How can I tell if my anti-pollution respirator has an airtight seal?,Masks and Protection
Is it true that how does distance from industrial emission stacks reduce particulate concentration?,Pollution Exposure
Does rain wash away airborne particulate matter and lower AQI?,AQI Information
Can you tell me: How can I improve indoor air quality during heavy outdoor smog?,Precautions
"Hey AQI-Sense, How does dirty air affect cholesterol levels and arterial plaque?",Health Effects
Can washing an N95 mask ruin its electrostatic filtration layer?,Masks and Protection
Could you explain if why do I feel lightheaded after riding my scooter in heavy traffic?,Symptoms
Is it true that what type of air purifier filter is best for trapping PM2.5?,Precautions
"I want to know, Can you tell me: Can acute smoke inhalation lead to chemical pneumonitis and pulmonary edema?",Respiratory Health
Should outdoor construction and heavy manual labor be halted at AQI 275?,Outdoor Activities
What time of day is outdoor air quality cleanest for walking?,Outdoor Activities
How does ground level ozone destroy the epithelial lining of the bronchi?,Respiratory Health
How does poor air quality affect individuals with coronary artery disease?,Vulnerable Groups
Is it safe to walk my dog in the park when the AQI is 190?,Outdoor Activities
Can dust storms from deserts cause hazardous AQI without toxic chemicals?,AQI Information
Is it safe to play outdoor football or soccer when air quality is Unhealthy for Sensitive Groups?,Outdoor Activities
Quick question: Why are patients with congestive heart failure frequently hospitalized during smog?,Vulnerable Groups
How does PM2.5 aggravate chronic obstructive pulmonary disease COPD?,Respiratory Health
Can I do light yoga in the park when the AQI is 490?,Outdoor Activities
Can I go for my morning run when the AQI is 160?,Outdoor Activities
Should outdoor construction work be paused when AQI exceeds 300?,Outdoor Activities
Can children play in the outdoor park when the AQI is 175?,Outdoor Activities
Can bad air cause dizziness and unsteady balance while walking outside?,Symptoms
Is a HEPA H13 air purifier effective against toxic city smog?,Precautions
Can air pollution cause permanent scarring or fibrosis of lung tissue?,Respiratory Health
What is the latency period between chronic pollution exposure and respiratory disease onset?,Pollution Exposure
"Doctor, Can dirty air cause chronic inflammation throughout the body?",Health Effects
Quick question: Is it safe to dry laundry outside when particulate levels are very high?,Precautions
Can poor air quality cause nocturnal asthma attacks and nighttime coughing?,Respiratory Health
Can nasal saline rinses help wash out pollution particles from nasal passages?,Precautions
Could you explain if should office buildings install MERV 13 or higher air filters?,Precautions
Does air pollution cause systemic arterial stiffness?,Health Effects
Is an AQI of 185 considered safe or dangerous?,AQI Information
Can wearing a respirator make breathing more difficult for asthmatics?,Masks and Protection
Can exposure to biomass smoke cause domestic COPD in non-smokers?,Respiratory Health
Can living in a polluted city shorten human life expectancy?,Health Effects
What guidelines exist for nursing homes during seasonal pollution peaks?,Vulnerable Groups
Is it necessary to wear an N95 mask inside an air-conditioned office?,Masks and Protection
Quick question: What does an AQI between 151 and 200 mean for healthy adults?,AQI Information
Is an AQI of 140 considered safe or dangerous?,AQI Information
Could you explain if what should I do immediately upon returning home from a polluted street?,Precautions
"Hey AQI-Sense, Is steam inhalation helpful for clearing nasal passages irritated by smog?",Precautions
Is an AQI of 125 considered safe or dangerous?,AQI Information
Can cyclists wear sport respirators with replaceable particulate filters?,Masks and Protection
Can you tell me: Can you tell me: What are the long term consequences of breathing diesel exhaust?,Health Effects
Quick question: How do the body's mucociliary escalators filter out inhaled soot particles over weeks?,Pollution Exposure
Can a 48-hour visit to a heavily polluted megacity cause measurable lung inflammation?,Pollution Exposure
"Is it true that doctor, Should I wear an N95 mask while riding on an open auto-rickshaw or scooter?",Masks and Protection
What does an AQI of 110 mean?,AQI Information
How does air pollution affect lung capacity and forced expiratory volume?,Respiratory Health
Why are senior citizens with emphysema at critical risk during smog inversions?,Vulnerable Groups
How does diesel particulate matter induce airway hyperresponsiveness?,Respiratory Health
Are seniors with congestive heart failure at risk of hospitalization in smog?,Vulnerable Groups
Why is proper nose wire adjustment crucial for N95 mask performance?,Masks and Protection
What are the carcinogenic compounds found in urban particulate matter?,Health Effects
Should marathons and road cycling events be held during poor air quality?,Outdoor Activities
Please explain: Should air quality monitors be calibrated regularly for accurate indoor tracking?,Precautions
Why do my nasal passages burn when I breathe in heavy smog?,Symptoms
Please explain: Can breathing toxic smog cause chronic bronchitis and constant phlegm?,Respiratory Health
"Doctor, What precautions should be observed when working in outdoor warehouses in smog?",Precautions
How does air pollution reduce forced expiratory volume FEV1 in lung tests?,Respiratory Health
Explain what AQI 110 indicates.,AQI Information
"Doctor, How does dirty air affect cholesterol levels and arterial plaque?",Health Effects
Can long term exposure to city air cause adult-onset bronchial asthma?,Respiratory Health
What happens to the lung parenchyma after surviving a catastrophic industrial smog event?,Pollution Exposure
How can parents safeguard nursery rooms from outdoor vehicular exhaust?,Precautions
"I want to know, I want to know, How can residents living downwind of factories protect their indoor air?",Precautions
What are the target limits for annual PM2.5 exposure set by WHO?,AQI Information
How does air pollution affect patients with chronic liver cirrhosis?,Vulnerable Groups
"I want to know, Hey AQI-Sense, Quick question: How does diesel particulate matter induce genotoxicity and DNA breaks?",Health Effects
How can I create a safe clean-air shelter inside my apartment?,Precautions
How does diesel soot induce airway hyperresponsiveness and mucus hypersecretion?,Respiratory Health
How does indoor exposure to second-hand smoke multiply outdoor pollution risks?,Pollution Exposure
"Hey AQI-Sense, Can poor air quality cause sinus headaches and facial pressure?",Symptoms
Why does inhaling cold polluted air make my chest feel tight?,Symptoms
What are the best precautions to take when AQI exceeds 200?,Precautions
What precautions should construction sites take to prevent dust spread?,Precautions
Could you explain if can you tell me: Can cumulative exposure to agricultural stubble smoke cause irreversible harm?,Pollution Exposure
Is it advisable to use a wet mop instead of dry sweeping during high AQI?,Precautions
Where can I find official government real-time AQI readings?,AQI Information
Quick question: How many cigarettes equivalent is breathing air with an AQI of 200 for 24 hours?,Pollution Exposure
"Hey AQI-Sense, How does breathing resistance compare between N95 and N99 respirators?",Masks and Protection
Can an N95 mask be safely reused after wearing it in heavy pollution?,Masks and Protection
How should disposable respirators be inspected for physical damage before wearing?,Masks and Protection
How does distance from a major arterial road affect particulate concentration gradients?,Pollution Exposure
What organs are most vulnerable to toxic air pollution?,Health Effects
Can particulate pollution cause inflammation of the bronchial tubes?,Respiratory Health
Should outdoor street festivals and concerts be cancelled in severe smog?,Outdoor Activities
"Why does breathing urban smog make lung secretions thick, sticky, and dark?",Respiratory Health
Could you explain if quick question: Can air pollution cause behavioral issues or ADHD symptoms in children?,Vulnerable Groups
Quick question: What special measures should neonatal care units take for air quality?,Vulnerable Groups
Can children have outdoor birthday parties when AQI is 165?,Outdoor Activities
Why do I wake up with a congested nose and sore throat every smoggy morning?,Symptoms
Should outdoor construction and heavy manual labor be halted at AQI 110?,Outdoor Activities
"I want to know, Quick question: Why do my lips crack and sting when particulate levels are elevated?",Symptoms
What mask should traffic police personnel wear during peak hour duties?,Masks and Protection
What does AQI 175 mean for outdoor workers?,AQI Information
Can you tell me: What does a maroon air quality alert signify?,AQI Information
How does seasonal exposure during winter smog spikes impact long term health metrics?,Pollution Exposure
Where can citizens access official governmental air monitoring data?,AQI Information
Why does wind speed dramatically impact AQI values?,AQI Information
Why do I get a pounding frontal headache after commuting in traffic?,Symptoms
"I want to know, Why does the smoggy air make me feel suffocated and anxious?",Symptoms
When is the AQI high enough to warrant wearing a respirator outdoors?,Masks and Protection
Can athletes train outdoors during moderate air quality conditions?,Outdoor Activities
What does a orange air quality alert signify?,AQI Information
"I have had a throbbing headache since the smog arrived, is this normal?",Symptoms
Please explain: What are the best precautions to take when AQI exceeds 200?,Precautions
Can I go for a morning run or jog when the AQI is 170?,Outdoor Activities
Are school-age children more likely to miss school due to smog episodes?,Vulnerable Groups
What does AQI level 380 mean for daily life?,AQI Information
What are the long term consequences of breathing diesel exhaust?,Health Effects
Are people with chronic kidney disease sensitive to particulate pollution?,Vulnerable Groups
What emergency supplies should households keep during wildfire smoke events?,Precautions
Is it true that how does cumulative inhalation of polycyclic aromatic hydrocarbons increase cancer risk?,Pollution Exposure
Why do my eyes swell and itch after being in outdoor smog?,Symptoms
"I want to know, Can air pollution increase systemic oxidative stress markers?",Health Effects
Is it true that can bad air quality cause chronic fatigue and sleep disturbances?,Health Effects
What are the cumulative health risks of living within 300 meters of a heavy highway?,Pollution Exposure
Is it safe to cycle to work when air quality is classified as Moderate?,Outdoor Activities
Quick question: Could you explain if quick question: What are the best precautions to take when AQI exceeds 200?,Precautions
Can acute particulate exposure during pregnancy alter placental vascular architecture?,Pollution Exposure
What does an orange air quality flag mean for schools?,AQI Information
Quick question: Why do I experience nausea and stomach discomfort in dense smog?,Symptoms
Quick question: How many cigarettes equivalent is breathing air with an AQI of 140 for 24 hours?,Pollution Exposure
Is it true that can the human body detoxify or eliminate inhaled ultrafine particulate matter?,Pollution Exposure
Does particulate matter affect liver fat accumulation and NAFLD?,Health Effects
What does AQI category 'Very Unhealthy' indicate for public health?,AQI Information
Quick question: Why are informal outdoor day-laborers classified as a high-vulnerability group?,Vulnerable Groups
How many cigarettes equivalent is breathing air with an AQI of 200 for 24 hours?,Pollution Exposure
Can I go for a morning run or jog when the AQI is 275?,Outdoor Activities
How does continuous exposure to indoor cooking smoke compound outdoor pollution exposure?,Pollution Exposure
Can the human body detoxify or eliminate inhaled ultrafine particulate matter?,Pollution Exposure
Can I walk my dog outside for an hour when the air quality is 300?,Outdoor Activities
Can pollution cause a persistent dry tickle in the throat?,Symptoms
How does air pollution impact metabolic syndrome and cholesterol?,Health Effects
Is outdoor swimming safe when the air quality is classified as unhealthy?,Outdoor Activities
Should I run my home air conditioner on recirculation mode during smog?,Precautions
"I want to know, Can you tell me: Quick question: Why do my lips crack and sting when particulate levels are elevated?",Symptoms
Please explain: Could you explain if what is the cellular mechanism by which ozone inflames the pulmonary airway?,Respiratory Health
How does living near a coal-fired power plant affect cumulative particulate intake?,Pollution Exposure
Does heavy smog exposure increase the risk of ischemic stroke?,Health Effects
Is morning brisk walking safe for seniors when the air looks hazy?,Outdoor Activities
Could you explain if can prenatal exposure to heavy air pollution impact infant brain development?,Vulnerable Groups
"Doctor, I want to know, How does smog affect the human cardiovascular system?",Health Effects
"I want to know, Doctor, What certifications should I look for when buying an anti-pollution mask?",Masks and Protection
What does an AQI of 170 mean?,AQI Information
Why are diabetic patients at higher risk of cardiovascular events during smog?,Vulnerable Groups
Why do my ears feel blocked and pressurized on polluted days?,Symptoms
What does an AQI of 125 mean?,AQI Information
How is nitrogen dioxide measured in the air pollution index?,AQI Information
How does inhaling fine particulate matter affect the bloodstream?,Health Effects
Can sports training masks filter particulate air pollution?,Masks and Protection
Can fine particulate matter cause post-nasal drip and throat clearing?,Symptoms
Do full-face respirators provide eye protection along with lung protection?,Masks and Protection
Can air pollution increase the risk of preterm birth or low birth weight?,Vulnerable Groups
Please explain: What are the occupational health standards for outdoor laborers during red alerts?,Pollution Exposure
Can I do calisthenics in an open-air park when the AQI is 110?,Outdoor Activities
Can personal HEPA air purifiers significantly reduce cumulative 24-hour PM2.5 exposure?,Pollution Exposure
Is it advisable to use a humidifier when air pollution is dry and dusty?,Precautions
"Doctor, Why does smog lead to excessive bronchial mucus production and airway plugging?",Respiratory Health
How can we create a clean room with filtered air at home?,Precautions
How do lungs filter out inhaled soot and carbon particles over time?,Pollution Exposure
Is it safe to do rowing or kayaking on open water in hazy air?,Outdoor Activities
Can smog trigger allergic rhinitis flare ups and watery eyes?,Symptoms
What diet and hydration tips help the body handle air pollution?,Precautions
Is it true that what safety protocols should municipal sweepers follow when sweeping dry dusty roads?,Pollution Exposure
What should I do immediately upon returning home from a polluted street?,Precautions
Quick question: Should air quality monitors be calibrated regularly for accurate indoor tracking?,Precautions
What special precautions should maternity wards take regarding air filtration?,Vulnerable Groups
Why are patients with cystic fibrosis highly vulnerable to particulate matter?,Vulnerable Groups
"Can high AQI cause throat irritation, soreness, and coughing?",Symptoms
What precautions should public transit authorities enforce during smog crises?,Precautions
"Hey AQI-Sense, What special precautions should maternity wards take regarding air filtration?",Vulnerable Groups
Can long term exposure to toxic air cause pulmonary heart disease?,Health Effects
Please explain: Can sports training masks filter particulate air pollution?,Masks and Protection
Please explain: Can air pollution cause severe throat tickling and dry hacking cough?,Symptoms
Should outdoor construction and heavy manual labor be halted at AQI 320?,Outdoor Activities
Could you explain if does an N100 mask provide 99.97% filtration against particulate matter?,Masks and Protection
Can acute exposure to burning plastic waste cause chemical tracheitis?,Pollution Exposure
"Doctor, Can you tell me: What are the epigenetic changes caused by chronic smog exposure?",Health Effects
"Hey AQI-Sense, How does high AQI impact pregnant women and fetal development?",Vulnerable Groups
Quick question: Can poor air quality cause nocturnal asthma attacks and nighttime coughing?,Respiratory Health
"Hey AQI-Sense, What biomarkers of oxidative stress are elevated after acute exposure to city traffic smog?",Pollution Exposure
Quick question: Why does breathing dirty air give me an upset stomach or nausea?,Symptoms
Can industrial emissions cause long term organ dysfunction?,Health Effects
Does an N100 mask provide 99.97% filtration against particulate matter?,Masks and Protection
Could you explain if why do COPD patients experience acute exacerbations during high AQI spikes?,Respiratory Health
How does proximity to port shipping terminals elevate sulfur and diesel particle exposure?,Pollution Exposure
"I want to know, How does smog affect the human cardiovascular system?",Health Effects
Why do I experience throat dryness even after drinking water in smog?,Symptoms
What formula converts pollutant concentrations to sub-indices?,AQI Information
Is there evidence linking air pollution to Parkinson's disease?,Health Effects
Can breathing dirty air cause a dry metallic taste in the mouth?,Symptoms
Can fine particulate matter induce oxidative damage in pulmonary endothelial cells?,Respiratory Health
Can facial hair or beards prevent an N95 mask from sealing properly?,Masks and Protection
"Doctor, Quick question: Can air pollution cause behavioral issues or ADHD symptoms in children?",Vulnerable Groups
Please explain: Do cloth masks with PM2.5 carbon filter inserts provide adequate protection?,Masks and Protection
How often should replacement filter cartridges be changed in reusable masks?,Masks and Protection
"Hey AQI-Sense, How does living downwind of a coal-fired power station affect annual PM2.5 dose?",Pollution Exposure
Why do my eyes feel gritty and sandy during high particulate alerts?,Symptoms
Can you tell me: How does long term air pollution impact overall human health?,Health Effects
Please explain: Should I change clothes and wash my face after spending hours in smog?,Precautions
Why do I feel chest tightness and burning after walking in smog?,Symptoms
Why do I feel like I cannot get a full satisfying breath of air?,Symptoms
Can you tell me: Quick question: Can breathing dirty air cause a dry metallic taste in the mouth?,Symptoms
What are the health risks for traffic police officers exposed to exhaust daily?,Pollution Exposure
Can air pollution increase susceptibility to bacterial and viral pneumonia?,Respiratory Health
Can I walk my dog outside for an hour when the air quality is 140?,Outdoor Activities
"Hey AQI-Sense, What does a purple air quality alert signify?",AQI Information
"I want to know, Doctor, Should we avoid burning candles or incense indoors when outdoor air is bad?",Precautions
Can children play in the backyard playground when the AQI is 215?,Outdoor Activities
Can drinking more water and green tea help counter pollution effects?,Precautions
Is it true that why do I feel nervous and anxious when breathing suffocating smog?,Symptoms
Is it safe to air out the house in the afternoon when AQI is high?,Precautions
"Is it true that can air pollution cause sudden dizziness, nausea, and lightheadedness?",Symptoms
How should drivers seal car vents when driving through polluted tunnels?,Precautions
Can air pollution cause burning sensations in the nose and airways?,Symptoms
Does air pollution alter the human gut microbiome?,Health Effects
What are the systemic effects of toxic air on internal organs?,Health Effects
Do masks with exhalation valves filter the incoming air properly?,Masks and Protection
"I want to know, How should an N95 respirator be stored between daily uses?",Masks and Protection
Can wearing two cloth masks match the filtration efficiency of an N95?,Masks and Protection
How does smog affect the respiratory systems of premature babies?,Vulnerable Groups
Could you explain if can poor air quality cause nocturnal asthma attacks and nighttime coughing?,Respiratory Health
Should outdoor construction and heavy manual labor be halted at AQI 230?,Outdoor Activities
What type of air purifier filter is best for trapping PM2.5?,Precautions
Explain what AQI 350 indicates.,AQI Information
What steps should workers take when commuting through severe pollution?,Precautions
Is it safe to cycle to work when air quality is classified as Unhealthy?,Outdoor Activities
What is the difference between particulate filtering and gas filtration?,Masks and Protection
"Doctor, What precautions should be taken when cooking to avoid adding to indoor PM2.5?",Precautions
"I want to know, Doctor, What is the difference between FFP2 and N95 mask standards?",Masks and Protection
"Can air pollution cause bloodshot, irritated eyes and blurry vision?",Symptoms
Can AQI exceed 500 in extreme pollution events?,AQI Information
How does exposure to polycyclic aromatic hydrocarbons harm cells?,Health Effects
Should gyms close outdoor ventilation dampers during hazardous air days?,Precautions
What precautions should nursing mothers take during heavy air pollution?,Vulnerable Groups
Does air pollution affect telomere length and biological aging?,Health Effects
Could you explain if why does pollution cause increased sputum and mucus production in the lungs?,Respiratory Health
Can ambient air pollution trigger pleural inflammation or pleurisy?,Respiratory Health
Quick question: What organs are most vulnerable to toxic air pollution?,Health Effects
"Doctor, How does chronic smog exposure affect psychological well-being?",Health Effects
Can fireworks cause a temporary AQI spike over 500?,AQI Information
How does urban smog impact bone mineral density and osteoporosis?,Health Effects
Why are outdoor day-laborers classified as a high-risk demographic?,Vulnerable Groups
How should an N95 respirator be stored between daily uses?,Masks and Protection
Can construction workers continue outdoor welding and digging in smog?,Outdoor Activities
Can heavy dust cause persistent throat tickles and coughing paroxysms?,Symptoms
Can wearable personal air sensors accurately measure an individual's daily exposure dose?,Pollution Exposure
Could you explain if should children wear specialized smaller sized N95 respirators?,Masks and Protection
At what AQI level should all outdoor cardio and gym workouts stop?,Outdoor Activities
"Hey AQI-Sense, Why do I feel lightheaded after riding my scooter in heavy traffic?",Symptoms
Why do I feel profound lethargy and brain fog during severe pollution?,Symptoms
"I want to know, Can exposure to vehicle exhaust cause immediate nausea and gagging?",Symptoms
Quick question: Why do my lips crack and sting when particulate levels are elevated?,Symptoms
"I want to know, Quick question: Can breathing dirty air cause a dry metallic taste in the mouth?",Symptoms
"Could you explain if doctor, Can dirty air cause long term chronic bronchitis and persistent wheezing?",Respiratory Health
Please explain: Why do people with allergic rhinitis suffer so much during smog season?,Respiratory Health
Why do children breathe more air per pound of body weight than adults?,Vulnerable Groups
What special measures should neonatal care units take for air quality?,Vulnerable Groups
Why do patients with chronic kidney disease need extra protection from smog?,Vulnerable Groups
Can fine dust inhalation affect the endocrine system?,Health Effects
How often should HEPA filters be vacuumed or replaced in high pollution?,Precautions
"Hey AQI-Sense, Can you tell me: Can air pollution affect the developing lungs of young children permanently?",Vulnerable Groups
Can I exercise outdoors in the evening if the AQI is 230?,Outdoor Activities
Can children play in the backyard playground when the AQI is 410?,Outdoor Activities
"Hey AQI-Sense, Hey AQI-Sense, What biomarkers of oxidative stress are elevated after acute exposure to city traffic smog?",Pollution Exposure
What does a purple air quality alert signify?,AQI Information
Please explain: At what AQI level is it strongly recommended to wear an N95 respirator?,Masks and Protection
Why are cancer patients undergoing chemotherapy considered a vulnerable group?,Vulnerable Groups
What precautions should be taken when cooking to avoid adding to indoor PM2.5?,Precautions
How often should home air purifier filters be replaced during smog season?,Precautions
Could you explain if how does diesel soot induce airway hyperresponsiveness and mucus hypersecretion?,Respiratory Health
Are washable cloth masks with PM2.5 filter inserts effective?,Masks and Protection
"Can bad air cause a raw, scratchy feeling in the back of the throat?",Symptoms
What biological markers indicate recent heavy exposure to vehicle emissions?,Pollution Exposure
Can fine dust cause persistent phlegm and morning coughing fits?,Symptoms
Please explain: What happens to the circulatory system during a severe smog episode?,Health Effects
Explain what AQI 380 indicates.,AQI Information
"I want to know, How does wildfire smoke affect elderly patients in assisted living facilities?",Vulnerable Groups
Can I walk my dog outside for an hour when the air quality is 410?,Outdoor Activities
Should school sports days be rescheduled due to poor air quality?,Outdoor Activities
Why does breathing dirty air give me an upset stomach or nausea?,Symptoms
Can you tell me: Quick question: Why do my lips crack and sting when particulate levels are elevated?,Symptoms
Is it true that why are informal outdoor day-laborers classified as a high-vulnerability group?,Vulnerable Groups
Can high AQI cause sudden chest heaviness and coughing spells?,Symptoms
Why do my lungs feel heavy and irritated after outdoor exposure?,Symptoms
Could you explain if what respirator should traffic wardens wear during peak congestion?,Masks and Protection
How does mouth breathing during hard exercise bypass nasal filtration?,Outdoor Activities
Why does cold winter air combined with smog cause severe bronchial spasms?,Respiratory Health
How do personal commute habits change daily cumulative air pollution exposure?,Pollution Exposure
What scale is used to measure air quality index?,AQI Information
Can you tell me: What are the target limits for annual PM2.5 exposure set by WHO?,AQI Information
Could you explain if how do personal commute habits change daily cumulative air pollution exposure?,Pollution Exposure
Can I cycle to work on my bicycle when the air quality is unhealthy?,Outdoor Activities
Why do COPD patients experience acute exacerbations during high AQI spikes?,Respiratory Health
Can I take my toddler for a stroller walk when the AQI is 200?,Outdoor Activities
"Hey AQI-Sense, Quick question: How does diesel particulate matter induce genotoxicity and DNA breaks?",Health Effects
How many cigarettes equivalent is breathing air with an AQI of 320 for 24 hours?,Pollution Exposure
Can I do light yoga in the park when the AQI is 275?,Outdoor Activities
"Could you explain if i want to know, How does wildfire smoke affect elderly patients in assisted living facilities?",Vulnerable Groups
How many hours can an N95 mask be worn before the filter degrades?,Masks and Protection
Quick question: What is the difference between European CAQI and US EPA AQI?,AQI Information
Why does my voice sound hoarse and raspy after being outside?,Symptoms
Can severe smog exposure cause acute respiratory distress syndrome ARDS?,Respiratory Health
Can air pollution cause atherosclerosis or clogged blood vessels?,Health Effects
Is it true that does air pollution worsen pulmonary outcomes in patients with bronchiectasis?,Respiratory Health
How can I improve indoor air quality during heavy outdoor smog?,Precautions
Can environmental pollution increase the risk of idiopathic pulmonary fibrosis?,Respiratory Health
Could you explain if explain what AQI 350 indicates?,AQI Information
Is it safe to go swimming in an outdoor pool on high pollution days?,Outdoor Activities
Can you tell me: Can air pollution affect the developing lungs of young children permanently?,Vulnerable Groups
Is it true that why is air pollution considered a major global health hazard?,Health Effects
Can amateur cyclists do long weekend group rides in winter smog?,Outdoor Activities
"I want to know, What are the multi-organ consequences of severe environmental smog?",Health Effects
Can particulate matter cause conjunctival redness and watering?,Symptoms
"Doctor, How does air pollution reduce forced expiratory volume FEV1 in lung tests?",Respiratory Health
"Doctor, Why do people with allergic rhinitis suffer so much during smog season?",Respiratory Health
Do masks with carbon filters protect against noxious gases and exhaust?,Masks and Protection
Please explain: What precautions should restaurants take with outdoor patio seating during smog?,Precautions
Should youth sports leagues cancel games when air quality is Hazardous?,Outdoor Activities
Can you tell me: Could you explain if why do COPD patients experience acute exacerbations during high AQI spikes?,Respiratory Health
Why do pulmonologists advise doubling preventer inhalers during pollution crises?,Respiratory Health
"Can smog cause skin irritation, itching, and redness?",Symptoms
Can you tell me: Could you explain if what is the rate of lung clearance for insoluble diesel exhaust particles?,Pollution Exposure
Can I take elderly relatives for a walk in the botanical garden in smog?,Outdoor Activities
Can I do calisthenics in an open-air park when the AQI is 230?,Outdoor Activities
"I want to know, Quick question: Could you explain if quick question: What are the best precautions to take when AQI exceeds 200?",Precautions
Can air pollution trigger lupus or rheumatoid arthritis flare-ups?,Vulnerable Groups
What certifications should I look for when buying an anti-pollution mask?,Masks and Protection
"Please explain: Can air pollution cause sudden dizziness, nausea, and lightheadedness?",Symptoms
"Could you explain if doctor, What diet and hydration tips help the body handle air pollution?",Precautions
Is it true that why does winter temperature inversion cause severe bronchial spasms?,Respiratory Health
Can bad air cause sharp stinging sensations in the trachea?,Symptoms
"Doctor, Can poor air quality cause wheezing sounds when exhaling?",Symptoms
Should school recess and physical education classes be held outside today?,Outdoor Activities
"Hey AQI-Sense, Why are roadside vendors and traffic police considered an occupational vulnerable group?",Vulnerable Groups
"I want to know, Why do my contact lenses hurt when particulate levels are elevated?",Symptoms
What is the difference between primary and secondary particulate pollutants?,AQI Information
What does it mean when the air quality index says 'Unhealthy for All'?,AQI Information
Could you explain if can long term exposure to toxic air cause pulmonary heart disease?,Health Effects
Quick question: What special precautions should nursing mothers take in severe pollution?,Vulnerable Groups
"Doctor, How is nitrogen dioxide measured in the air pollution index?",AQI Information
Why do my lips crack and sting when particulate levels are elevated?,Symptoms
What is the safe daily threshold limit for cumulative PM2.5 inhalation?,Pollution Exposure
Can you tell me: Can chronic smog exposure permanently stunt lung development in children?,Vulnerable Groups
What are the health consequences of working as an open-air delivery courier in high AQI?,Pollution Exposure
"Hey AQI-Sense, Can environmental pollution increase the risk of idiopathic pulmonary fibrosis?",Respiratory Health
Please explain: Can the human body ever fully purge ultrafine nanoparticles that enter the bloodstream?,Pollution Exposure
How should I protect my pets from high outdoor air pollution?,Precautions
What does AQI 310 mean?,AQI Information
Does AQI measure carbon monoxide and sulfur dioxide as well?,AQI Information
Why do older adults experience blunted autonomic responses to air pollutants?,Vulnerable Groups
Quick question: Can air pollution cause long term hyperreactivity of the vagal sensory nerves in the lungs?,Respiratory Health
Is it true that how can residents living downwind of factories protect their indoor air?,Precautions
Please explain: Why are people with hypertension more vulnerable during pollution crises?,Vulnerable Groups
Can outdoor gardeners and landscapers work safely in Very Unhealthy air?,Outdoor Activities
Why are certified N95 masks tested with 0.3 micron sodium chloride aerosols?,Masks and Protection
"Should we avoid lighting candles, incense sticks, or fireplaces indoors?",Precautions
Why do I feel fatigued and exhausted even after eight hours of sleep in smog?,Symptoms
How does ozone exposure interact with airborne pollen to worsen allergies?,Respiratory Health
Can smog cause skin flushing and facial irritation?,Symptoms
What resources are available for vulnerable groups to track sensitive air alerts?,Vulnerable Groups
Is it effective to use the recirculation mode in car air conditioning?,Precautions
Is an AQI of 85 good or bad?,AQI Information
Why does air quality index differ between different monitoring apps?,AQI Information
"Hey AQI-Sense, What are the cumulative health risks of living within 300 meters of a heavy highway?",Pollution Exposure
How many hours of use is an N95 mask rated for in heavy pollution?,Masks and Protection
Can I take my toddler for a stroller walk when the AQI is 170?,Outdoor Activities
Please explain: How should disposable respirators be inspected for physical damage before wearing?,Masks and Protection
Are people with autoimmune disorders more sensitive to particulate matter?,Vulnerable Groups
Is it true that can regular surgical masks or cloth bandanas protect against smog?,Masks and Protection
Should we avoid burning candles or incense indoors when outdoor air is bad?,Precautions
"Hey AQI-Sense, What should you do if your indoor AQI monitor shows elevated PM2.5?",Precautions
Could you explain if does air pollution cause cellular oxidative stress and damage?,Health Effects
Can I exercise outdoors in the evening if the AQI is 55?,Outdoor Activities
Can two surgical masks worn together equal the filtration of an N95?,Masks and Protection
Should outdoor tennis matches and cricket practices be cancelled today?,Outdoor Activities
Can diesel exhaust exposure cause airway remodeling and subepithelial fibrosis?,Respiratory Health
What does AQI level 155 mean for daily life?,AQI Information
Is it safe to play outdoor football or soccer when air quality is Hazardous?,Outdoor Activities
What does AQI level 170 mean for daily life?,AQI Information
What is the maximum safe AQI level for vigorous cardio and marathon training?,Outdoor Activities
Can polluted air cause microvascular damage in internal organs?,Health Effects
What does a green AQI indicator mean?,AQI Information
Why do children inhale more air pollution per kilogram of body weight?,Vulnerable Groups
What happens when you spend an entire day outdoors during a hazardous smog episode?,Pollution Exposure
Can smog cause a tight band feeling around my forehead?,Symptoms
How does an N99 respirator compare to an N95 mask in toxic smog?,Masks and Protection
Should youth sports leagues cancel games when air quality is Unhealthy?,Outdoor Activities
Can acute exposure to industrial chemical fumes cause permanent respiratory disability?,Pollution Exposure
Why do asthmatics require higher doses of inhaled corticosteroids in smog?,Respiratory Health
"I want to know, Does an N95 mask effectively filter out PM2.5 air pollution particles?",Masks and Protection
What are the occupational health guidelines for outdoor workers during smog emergencies?,Pollution Exposure
Can I do calisthenics in an open-air park when the AQI is 170?,Outdoor Activities
Should I wear an N95 mask while riding on an open auto-rickshaw or scooter?,Masks and Protection
Can I exercise outdoors in the evening if the AQI is 185?,Outdoor Activities
What is the safe daily threshold limit for cumulative PM2.5 exposure?,Pollution Exposure
Should I keep the windows tightly shut all day when AQI is 250?,Precautions
Do industrial dust masks protect against chemical smog and nitrogen dioxide?,Masks and Protection
"I want to know, Why do COPD patients experience acute exacerbations during high AQI spikes?",Respiratory Health
"Quick question: Hey AQI-Sense, I want to know, Can living in a polluted city shorten human life expectancy?",Health Effects
What precautions should be observed when working in outdoor warehouses in smog?,Precautions
Could you explain if can air pollution trigger acute migraine attacks with light sensitivity?,Symptoms
Please explain: How does air pollution impact heart rate variability?,Health Effects
What is the cumulative toxic load of living in a city with annual average AQI over 150?,Pollution Exposure
"Doctor, Should we avoid burning candles or incense indoors when outdoor air is bad?",Precautions
What does AQI 240 mean?,AQI Information
Is an AQI of 165 dangerous?,AQI Information
Can wearing a respirator make breathing feel warm and restricted?,Masks and Protection
Can exposure to vehicle exhaust cause immediate nausea and gagging?,Symptoms
Could you explain if what is the cellular mechanism by which ozone inflames the pulmonary airway?,Respiratory Health
What protective lifestyle measures help reduce overall exposure to particulates?,Precautions
"Hey AQI-Sense, How can schools protect indoor classrooms from outside toxic air?",Precautions
Is it true that how can people with beards achieve an effective seal with an N95 mask?,Masks and Protection
"Doctor, What special precautions should pediatric daycare centers enforce for air quality?",Vulnerable Groups
Does air pollution weaken the human immune system?,Health Effects
Is it true that how does ambient particulate matter affect spirometry measurements in clinic?,Respiratory Health
What is the difference between European CAQI and US EPA AQI?,AQI Information
Could you explain if how does cumulative particulate exposure over 15 years affect mortality risk?,Pollution Exposure
Could you explain if can you tell me: Can you tell me: How deeply do fine particulate matter particles penetrate into lung alveoli?,Respiratory Health
Can you tell me: How does exposure to burning biomass compare to vehicle emissions in toxicity?,Pollution Exposure
How does toxic smog impact the delicate respiratory tracts of premature infants?,Vulnerable Groups
"Can you tell me: Hey AQI-Sense, Can you tell me: What precautions should restaurants take with outdoor patio seating during smog?",Precautions
How many cigarettes is breathing air with an AQI of 250 for 24 hours equivalent to?,Pollution Exposure
Can poor air quality exacerbate symptoms in Alzheimer's disease patients?,Vulnerable Groups
Can dampening a cloth mask improve its ability to stop fine particulate dust?,Masks and Protection
Can air pollution cause ear canal irritation and fullness?,Symptoms
Can you tell me: Can acute smoke inhalation lead to chemical pneumonitis and pulmonary edema?,Respiratory Health
How can we reduce indoor dust accumulation during high AQI weeks?,Precautions
Please explain: Can heavy smog lead to acute coronary syndromes?,Health Effects
"Can smog cause itchy skin, hives, or eczema breakouts?",Symptoms
What does a Code Red air quality action day mean?,AQI Information
Can poor air quality cause nasal congestion and sinus pressure?,Symptoms
How does cumulative particulate exposure over 15 years affect mortality risk?,Pollution Exposure
How do international air quality standards compare with WHO air guidelines?,AQI Information
Why do I sneeze repeatedly as soon as I open the window during smog?,Symptoms
What does AQI category 'Unhealthy' indicate for public health?,AQI Information
How does air pollution impact children with congenital heart conditions?,Vulnerable Groups
What does an AQI of 380 mean?,AQI Information
Why do standard paper dust masks fail to protect against vehicle emissions?,Masks and Protection
How does air pollution contribute to ischemic heart disease?,Health Effects
"I want to know, What is the National Ambient Air Quality Standard?",AQI Information
Can fine particulate matter cause alveolar macrophage dysfunction?,Respiratory Health
How does lifetime residence in a polluted industrial zone accelerate biological aging?,Pollution Exposure
Do anti-pollution masks protect against ozone and sulfur dioxide gas?,Masks and Protection
What does AQI level 275 mean for daily life?,AQI Information
Could you explain if why do I feel breathless after doing simple household chores during high AQI?,Symptoms
Could you explain if is it true that do simple cloth face coverings provide any defense against air pollution?,Masks and Protection
Can I do calisthenics in an open-air park when the AQI is 320?,Outdoor Activities
Are children with childhood asthma at greater risk during smog events?,Vulnerable Groups
How can I protect my eyes from pollution when I must go outdoors?,Precautions
What happens to human lungs after 8 hours of continuous exposure to toxic smog?,Pollution Exposure
Why do respiratory allergy sufferers have severe histamine release in smog?,Respiratory Health
What is the cellular mechanism by which ozone inflames the pulmonary airway?,Respiratory Health
Can I walk my dog outside for an hour when the air quality is 380?,Outdoor Activities
How do I clean and store my reusable particulate respirator mask?,Masks and Protection
Can you tell me: Is it recommended to run a HEPA air purifier on hazardous pollution days?,Precautions
Can a surgical mask protect against vehicle exhaust and smog?,Masks and Protection
Can air pollution cause an uncontrollable urge to clear my throat?,Symptoms
Are there special pediatric N95 masks designed for children's smaller faces?,Masks and Protection
Can you tell me: What are the occupational health standards for outdoor laborers during red alerts?,Pollution Exposure
Why does my chest feel constricted when I step outside into the haze?,Symptoms
How does cumulative inhalation of polycyclic aromatic hydrocarbons increase cancer risk?,Pollution Exposure
"Hey AQI-Sense, Can maternal exposure to PM2.5 increase the incidence of childhood leukemia?",Vulnerable Groups
Should air quality monitors be calibrated regularly for accurate indoor tracking?,Precautions
Can pregnant women safely wear N95 respirators for short errands?,Masks and Protection
Can I exercise outdoors in the evening if the AQI is 275?,Outdoor Activities
What happens to the human body after 8 hours of continuous exposure to toxic air?,Pollution Exposure
Does an N95 mask protect against PM2.5 fine particulate matter?,Masks and Protection
Does an N95 mask effectively filter out PM2.5 air pollution particles?,Masks and Protection
Explain what AQI 90 indicates.,AQI Information
Is saline nasal irrigation effective for removing inhaled particulate matter?,Precautions
Should outdoor construction and heavy manual labor be halted at AQI 185?,Outdoor Activities
What pollutants are measured to determine the overall AQI?,AQI Information
Can you tell me: Why do children inhale more air pollution per kilogram of body weight?,Vulnerable Groups
Should youth sports leagues cancel games when air quality is Unhealthy for Sensitive Groups?,Outdoor Activities
Why do I feel a metallic taste in my mouth when air quality is hazardous?,Symptoms
Can air pollution increase the risk of heart attacks and stroke?,Health Effects
Why do my eyes sting and tear up when I walk outside in smog?,Symptoms
How does occupational exposure to construction dust compare to city smog?,Pollution Exposure
Should outdoor construction and heavy manual labor be halted at AQI 90?,Outdoor Activities
Why do my sinuses ache when air pollution levels rise?,Symptoms
Could you explain if what is the safe daily threshold limit for cumulative PM2.5 exposure?,Pollution Exposure
"I want to know, Doctor, Why do people with allergic rhinitis suffer so much during smog season?",Respiratory Health
Quick question: Are patients recovering from recent cardiac surgery vulnerable to air pollution?,Vulnerable Groups
Can a single weekend in a polluted megacity cause detectable lung inflammation?,Pollution Exposure
"Hey AQI-Sense, How many cigarettes equivalent is breathing air with an AQI of 75 for 24 hours?",Pollution Exposure
Can you tell me: What preventive measures are recommended during agricultural stubble burning?,Precautions
Should outdoor construction and heavy manual labor be halted at AQI 75?,Outdoor Activities
Can chronic air pollution increase all-cause mortality rates?,Health Effects
Why does vigorous exercise increase pollutant deposition deep in the lungs?,Outdoor Activities
Please explain: Should I keep all windows and doors closed when air pollution is severe?,Precautions
What is the National Ambient Air Quality Standard?,AQI Information
"Could you explain if i have had a throbbing headache since the smog arrived, is this normal?",Symptoms
Is steam inhalation helpful for clearing nasal passages irritated by smog?,Precautions
Is it true that what organs are most vulnerable to toxic air pollution?,Health Effects
Can I do light yoga in the park when the AQI is 185?,Outdoor Activities
Can I jog outdoors if the AQI is 210?,Outdoor Activities
"Quick question: Quick question: Hey AQI-Sense, Why do standard paper dust masks fail to protect against vehicle emissions?",Masks and Protection
Can bad air quality cause chronic fatigue and sleep disturbances?,Health Effects
What is the difference between peak acute pollution exposure and chronic baseline exposure?,Pollution Exposure
How does poor air quality affect individuals with pre-existing heart disease?,Vulnerable Groups
Should youth sports tournaments be postponed during poor air quality alerts?,Outdoor Activities
Is it true that at what AQI level is it strongly recommended to wear an N95 respirator?,Masks and Protection
Do cloth masks offer any protection whatsoever against fine particulate matter?,Masks and Protection
Quick question: Should I keep the windows tightly shut all day when AQI is 250?,Precautions
Does urban pollution accelerate cardiovascular morbidity?,Health Effects
Please explain: Why is PM2.5 given so much weight in the AQI calculation?,AQI Information
Can I exercise outdoors in the evening when the smog settles?,Outdoor Activities
Is an AQI of 215 considered safe or dangerous?,AQI Information
Can air pollution exposure during pregnancy cause maternal gestational diabetes?,Vulnerable Groups
Is it true that what diet and hydration tips help the body handle air pollution?,Precautions
Can using exhaust fans in the kitchen help prevent indoor air buildup?,Precautions
How does pollution affect oxygen saturation in the arterial blood?,Health Effects
"Doctor, How does urban smog impact bone mineral density and osteoporosis?",Health Effects
Can air pollution cause swollen glands or tender throat tissues?,Symptoms
"I want to know, How do occupational hygienists calculate time-weighted average exposure to respirable dust?",Pollution Exposure
"Is it true that doctor, Are seniors with congestive heart failure at risk of hospitalization in smog?",Vulnerable Groups
"Can air pollution cause sudden dizziness, nausea, and lightheadedness?",Symptoms
What does hazardous air quality mean according to the index?,AQI Information
Can I go for a morning run or jog when the AQI is 320?,Outdoor Activities
Quick question: Is it true that can you tell me: What is the difference between particulate filtering and gas filtration?,Masks and Protection
How does high AQI impact pregnant women and fetal development?,Vulnerable Groups
Should youth sports leagues cancel games when air quality is Very Unhealthy?,Outdoor Activities
Can I exercise outdoors in the evening if the AQI is 380?,Outdoor Activities
"I want to know, Please explain: Can the human body ever fully purge ultrafine nanoparticles that enter the bloodstream?",Pollution Exposure
What are the occupational health standards for outdoor laborers during red alerts?,Pollution Exposure
Why do my bronchial tubes ache after riding a bicycle in smog?,Symptoms
What are the pulmonary recovery stages after acute exposure to hazardous smog?,Respiratory Health
"Doctor, Could you explain if can smog cause burning sensations throughout the upper respiratory tract?",Symptoms
Could you explain if does air pollution contribute to systemic vascular inflammation?,Health Effects
How does smoke exposure affect elderly patients in assisted living homes?,Vulnerable Groups
What is the average latency period between chronic pollution exposure and lung disease?,Pollution Exposure
Can high ozone levels cause sharp chest pains when taking a deep breath?,Symptoms
Why are cancer patients undergoing chemotherapy considered high-risk?,Vulnerable Groups
Why do asthmatics experience chest tightness within minutes of breathing smog?,Respiratory Health
Please explain: Could you explain if quick question: What organs are most vulnerable to toxic air pollution?,Health Effects
What precautions should joggers take if they must run in moderate AQI?,Outdoor Activities
Should recreational parks be closed during severe air quality warnings?,Outdoor Activities
What does AQI level 500 mean for daily life?,AQI Information
How do meteorologists measure airborne particulate matter?,AQI Information
What is the best personal protective equipment for walking through toxic smog?,Masks and Protection
What are VOCs and do they get included in standard AQI reports?,AQI Information
How does wildfire smoke affect elderly patients in assisted living facilities?,Vulnerable Groups
"Can drinking hot water, herbal teas, or warm broths soothe pollution irritation?",Precautions
Is it safe to dry bedsheets and clothes outdoors when particulate levels are high?,Precautions
What advice exists for expectant mothers living in high AQI cities?,Vulnerable Groups
"Hey AQI-Sense, How do particulate filters trap sub-micron PM2.5 particles?",Masks and Protection
Can I take my toddler for a stroller walk when the AQI is 90?,Outdoor Activities
Is an AQI of 55 considered safe or dangerous?,AQI Information
What is the difference between AQI and PM2.5 concentration?,AQI Information
How does breathing resistance compare between N95 and N99 respirators?,Masks and Protection
How is the Air Quality Index calculated?,AQI Information
How can we prevent dust from entering through window AC unit gaps?,Precautions
Is it safe to go hiking in forest trails when valley AQI is 200?,Outdoor Activities
Does air pollution increase the incidence of respiratory syncytial virus RSV?,Respiratory Health
Should I change clothes and wash my face after spending hours in smog?,Precautions
Is it true that why are senior citizens with emphysema at critical risk during smog inversions?,Vulnerable Groups
Can fine particulate matter impair alveolar macrophage phagocytic function?,Respiratory Health
"I want to know, Why do my nasal passages burn when I breathe in heavy smog?",Symptoms
Quick question: Can you tell me: How deeply do fine particulate matter particles penetrate into lung alveoli?,Respiratory Health
Can children play in the backyard playground when the AQI is 250?,Outdoor Activities
Can I take my infant out in a stroller when the AQI is 150?,Outdoor Activities
What does AQI category 'Moderate' indicate for public health?,AQI Information
Are children with childhood asthma at severe risk during air alerts?,Vulnerable Groups
Quick question: Can reusable silicone respirators offer better comfort in tropical smog?,Masks and Protection
Explain what AQI 275 indicates.,AQI Information
Can air pollution cause severe throat tickling and dry hacking cough?,Symptoms
Should outdoor recreational facilities close during purple air alerts?,Outdoor Activities
Please explain: How does smog affect the human cardiovascular system?,Health Effects
Can you tell me: Can air pollution increase the risk of heart attacks and stroke?,Health Effects
How does air pollution impact heart rate variability?,Health Effects
Is short-term acute exposure to severe AQI more harmful than chronic moderate exposure?,Pollution Exposure
"I want to know, Can bad air cause sharp stinging sensations in the trachea?",Symptoms
"Hey AQI-Sense, Can dust storms from deserts cause hazardous AQI without toxic chemicals?",AQI Information
Are elderly seniors at heightened risk during severe air pollution spikes?,Vulnerable Groups
Can you tell me: How does traffic pollution affect vascular endothelial function?,Health Effects
Could you explain if what is the rate of lung clearance for insoluble diesel exhaust particles?,Pollution Exposure
How is PM2.5 converted into an AQI number?,AQI Information
Should I avoid vacuuming with non-HEPA vacuums during poor air quality?,Precautions
Quick question: Are school-age children more likely to miss school due to smog episodes?,Vulnerable Groups
Can people with respiratory illnesses wear valved N95 masks for easier exhalation?,Masks and Protection
"Could you explain if doctor, Could you explain if can smog cause burning sensations throughout the upper respiratory tract?",Symptoms
Could you explain if how do I check if my KN95 mask is genuine or counterfeit?,Masks and Protection
How do nitrogen oxides impair the ciliary clearance mechanism in airways?,Respiratory Health
Is it true that how can schools protect indoor classrooms from outside toxic air?,Precautions
How can industrial facilities protect their on-site workers during air alerts?,Precautions
What is the rate of lung clearance for insoluble diesel exhaust particles?,Pollution Exposure
Does toxic air contribute to peripheral artery disease?,Health Effects
Please explain: How can I minimize smoke leakage under doors during stubble burning?,Precautions
Can acute exposure to hazardous ozone levels cause immediate decline in athletic stamina?,Pollution Exposure
"Doctor, Quick question: Quick question: How can public transport riders minimize exposure to bus and truck exhaust?",Precautions
Does ambient air pollution contribute to retinal microvascular changes?,Health Effects
Quick question: How do public health researchers estimate lifetime exposure to ambient particulate matter?,Pollution Exposure
Can I walk my dog outside for an hour when the air quality is 55?,Outdoor Activities
"Can you tell me: Hey AQI-Sense, Can environmental pollution increase the risk of idiopathic pulmonary fibrosis?",Respiratory Health
Could you explain if how many cigarettes equivalent is breathing air with an AQI of 250 for 24 hours?,Pollution Exposure
Is an AQI of 280 considered severe?,AQI Information
Should children wear specialized smaller sized N95 respirators?,Masks and Protection
Please explain: Why are cancer patients undergoing chemotherapy considered high-risk?,Vulnerable Groups
Why do I feel lightheaded after riding my scooter in heavy traffic?,Symptoms
Can bad outdoor air make contact lenses unwearable due to stinging?,Symptoms
How does occupational exposure to construction dust compare to ambient smog?,Pollution Exposure
"Doctor, Why do pediatric doctors advise parents to keep young kids inside on red alert days?",Vulnerable Groups
"Hey AQI-Sense, I want to know, Can living in a polluted city shorten human life expectancy?",Health Effects
Please explain: Can particulate matter accelerate cognitive decline in dementia patients?,Vulnerable Groups
Does air pollution worsen pulmonary outcomes in patients with bronchiectasis?,Respiratory Health
Are school-age children more likely to develop allergic sensitization in smog?,Vulnerable Groups
Can you tell me: Does an N95 mask protect against PM2.5 fine particulate matter?,Masks and Protection
"I want to know, How does high AQI impact pregnant women and fetal development?",Vulnerable Groups
"I want to know, What steps can apartment complexes take to filter common area air?",Precautions
Can prenatal exposure to heavy air pollution impact infant brain development?,Vulnerable Groups
Can I go camping outdoors when regional AQI is elevated from wildfires?,Outdoor Activities
How much more particulate matter do you inhale while running vs resting?,Outdoor Activities
How does exposure to agricultural stubble burning smoke compare to urban traffic smog?,Pollution Exposure
How can schools protect indoor classrooms from outside toxic air?,Precautions
"Hey AQI-Sense, Can you tell me: What precautions should restaurants take with outdoor patio seating during smog?",Precautions
"Hey AQI-Sense, Can fine particles enter brain tissue through the olfactory nerve?",Health Effects
Could you explain if quick question: What organs are most vulnerable to toxic air pollution?,Health Effects
Can you tell me: Can particulate matter cause mast cell degranulation in the bronchial tree?,Respiratory Health
What diseases are directly attributable to poor outdoor air quality?,Health Effects
Is an AQI of 275 considered safe or dangerous?,AQI Information
Can breathing bad air trigger cardiac arrhythmias or irregular heartbeat?,Health Effects
Why are premature babies at heightened risk of respiratory distress from smoke?,Vulnerable Groups
"Doctor, Why are cancer patients undergoing chemotherapy considered a vulnerable group?",Vulnerable Groups
"I want to know, Can carbon filter cloth masks stop toxic gases and nitrogen dioxide?",Masks and Protection
Could you explain if what are the six air quality categories defined by the EPA?,AQI Information
Can breathing toxic smog cause reactive airway dysfunction syndrome?,Respiratory Health
"Doctor, Quick question: Can poor air quality cause nasal congestion and sinus pressure?",Symptoms
Can I do calisthenics in an open-air park when the AQI is 300?,Outdoor Activities
Could you explain if quick question: What are the best precautions to take when AQI exceeds 200?,Precautions
Can breathing toxic smog cause chronic bronchitis and constant phlegm?,Respiratory Health
Quick question: What are the best precautions to take when AQI exceeds 200?,Precautions
Can I go for a morning run or jog when the AQI is 200?,Outdoor Activities
Why does the smoggy air make me feel suffocated and anxious?,Symptoms
Please explain: Is it true that why do I feel nervous and anxious when breathing suffocating smog?,Symptoms
What does AQI 50 signify?,AQI Information
"I want to know, Can particulate matter cause conjunctival redness and watering?",Symptoms
What is the difference between peak acute exposure and baseline annual exposure?,Pollution Exposure
What should families do to minimize smoke entering their home?,Precautions
Quick question: What advice exists for expectant mothers living in high AQI cities?,Vulnerable Groups
How should home caregivers protect bedridden elderly adults during smog?,Vulnerable Groups
Can outdoor dining and street food events continue safely during high AQI?,Outdoor Activities
How should caregivers protect bedridden seniors during high AQI days?,Vulnerable Groups
How does bad air quality affect metabolic health in urban dwellers?,Health Effects
What steps can apartment complexes take to filter common area air?,Precautions
"I want to know, What scale is used to measure air quality index?",AQI Information
Is it better to run on an indoor treadmill than running outside in smog?,Outdoor Activities
Can you tell me: What precautions should restaurants take with outdoor patio seating during smog?,Precautions
What does a green air quality alert signify?,AQI Information
Could you explain if is it true that how does exposure to burning biomass compare to vehicle emissions in toxicity?,Pollution Exposure
How does toxic smog exposure impact autonomic nervous regulation?,Health Effects
Can maternal exposure to PM2.5 increase the incidence of childhood leukemia?,Vulnerable Groups
"Doctor, Please explain: Can air pollution cause severe throat tickling and dry hacking cough?",Symptoms
Please explain: Can air pollution increase the risk of deep vein thrombosis?,Health Effects
What does AQI level 55 mean for daily life?,AQI Information
Quick question: What does an AQI of 185 mean?,AQI Information
Why do I have an irritating cough that only happens outdoors?,Symptoms
Is it safe to do outdoor gardening when the air quality index is 140?,Outdoor Activities
Why do my temples throb after walking past busy road intersections?,Symptoms
Please explain: How does lifetime exposure to particulate matter compare to smoking a pack of cigarettes a day?,Pollution Exposure
How does air pollution affect elderly individuals with impaired mobility?,Vulnerable Groups
How can communities prepare for seasonal winter air pollution crises?,Precautions
How does poor air quality affect organ transplant recipients on immunosuppressants?,Vulnerable Groups
Could you explain if why do my eyes burn and water when air quality is bad?,Symptoms
What measures can prevent soot and particulate matter from entering apartments?,Precautions
How long does it take for the lungs to clear particulate matter after acute exposure?,Pollution Exposure
Can breathing smog cause wheezing and a scratchy vocal cord?,Symptoms
How can I seal my bedroom windows to prevent smog infiltration?,Precautions
Can breathing heavy smoke cause transient hypertension?,Health Effects
How do laser particle counters measure PM2.5 and PM10?,AQI Information
"I want to know, Doctor, What measures can prevent soot and particulate matter from entering apartments?",Precautions
How does smog affect the human cardiovascular system?,Health Effects
Is it safe to play outdoor football or soccer when air is unhealthy?,Outdoor Activities
Why are informal outdoor day-laborers classified as a high-vulnerability group?,Vulnerable Groups
How does diesel particulate matter induce genotoxicity and DNA breaks?,Health Effects
What occurs when construction workers fail to use water misting and dust suppression?,Pollution Exposure
Quick question: What is the difference between FFP2 and N95 mask standards?,Masks and Protection
Can particulate matter trigger autoimmune flare-ups in lupus patients?,Health Effects
Can you tell me: Please explain: What precautions should be taken if living next to a high-traffic highway?,Precautions
How do alveolar macrophages process inhaled carbonaceous particulate matter?,Respiratory Health
Can exposure to toxic air increase infant mortality rates in polluted cities?,Vulnerable Groups
How can public transport riders minimize exposure to bus and truck exhaust?,Precautions
What does AQI level 110 mean for daily life?,AQI Information
Why do patients with bronchiectasis require extra airway clearance in bad air?,Respiratory Health
How do activated carbon layers in respirators absorb odor and hydrocarbons?,Masks and Protection
"Doctor, Should I wear an N95 mask while riding on an open auto-rickshaw or scooter?",Masks and Protection
Quick question: Can polluted air cause microvascular damage in internal organs?,Health Effects
Can fine particles enter the bloodstream through the lungs?,Health Effects
What are the epigenetic changes caused by chronic smog exposure?,Health Effects
Is it true that how do satellite sensors measure aerosol optical depth for AQI?,AQI Information
Could you explain if what are the occupational health standards for outdoor laborers during red alerts?,Pollution Exposure
Why do people with allergic rhinitis suffer so much during smog season?,Respiratory Health
How does PM2.5 aggravate chronic obstructive pulmonary disease (COPD)?,Respiratory Health
Can heavy metal aerosols in smog cause neurotoxic effects?,Health Effects
How do reference-grade air monitors differ from low-cost consumer sensors?,AQI Information
Please explain: Does a damp cloth over the mouth and nose block smoke particles?,Masks and Protection
What does AQI category 'Hazardous' indicate for public health?,AQI Information
Could you explain if how do lungs filter out inhaled soot and carbon particles over time?,Pollution Exposure
Can carbon filter cloth masks stop toxic gases and nitrogen dioxide?,Masks and Protection
Can I go rollerblading or skateboarding outdoors in high AQI?,Outdoor Activities
Quick question: Can acute smoke inhalation lead to chemical pneumonitis and pulmonary edema?,Respiratory Health
Can you tell me: How many cigarettes equivalent is breathing air with an AQI of 380 for 24 hours?,Pollution Exposure
Should I wash my eyes and face after coming indoors from heavy smog?,Precautions
What precautions are essential during severe dust storms and sandstorms?,Precautions
How do satellite sensors measure aerosol optical depth for AQI?,AQI Information
Please explain: What are the health consequences of working as an open-air delivery courier in high AQI?,Pollution Exposure
Can I take my toddler for a stroller walk when the AQI is 410?,Outdoor Activities
Is it advisable to ride an open motorcycle in heavy city smog?,Outdoor Activities
"Doctor, Can acute smoke inhalation lead to chemical pneumonitis and pulmonary edema?",Respiratory Health
Quick question: Can poor air quality cause nasal congestion and sinus pressure?,Symptoms
"I want to know, How does poor air quality affect individuals with pre-existing heart disease?",Vulnerable Groups
"Doctor, Why do asthmatics need their rescue inhalers more frequently during smog?",Respiratory Health
Is it true that can air pollution cause ear canal irritation and fullness?,Symptoms
Can I do outdoor calisthenics or bodyweight workouts in the park today?,Outdoor Activities
How can delivery couriers protect their health during hazardous AQI weeks?,Precautions
Could you explain if can air pollution accelerate cognitive decline in middle-aged adults?,Health Effects
Why are newborn babies and infants especially vulnerable to air pollution?,Vulnerable Groups
Is it true that does air pollution cause systemic arterial stiffness?,Health Effects
What precautions should be taken if living next to a high-traffic highway?,Precautions
"Hey AQI-Sense, Why do my lips feel chapped and dry in heavy air pollution?",Symptoms
Are people recovering from recent surgeries more vulnerable to bad air?,Vulnerable Groups
Can bad air cause chronic low-grade inflammation throughout the body?,Health Effects
Can AQI be low while ozone is dangerously high?,AQI Information
"Doctor, I want to know, Please explain: Why do people with allergic rhinitis suffer so much during smog season?",Respiratory Health
Are seniors living alone more susceptible to heat and smog episodes?,Vulnerable Groups
Why are people with hypertension more vulnerable during pollution crises?,Vulnerable Groups
"Can you tell me: Doctor, Can air pollution cause long term hyperreactivity of the vagal sensory nerves in the lungs?",Respiratory Health
Are bandanas or scarves over the mouth effective in stopping PM2.5?,Masks and Protection
Explain what AQI 410 indicates.,AQI Information
"Could you explain if i want to know, How does air pollution impact metabolic syndrome and cholesterol?",Health Effects
How many cigarettes equivalent is breathing air with an AQI of 90 for 24 hours?,Pollution Exposure
Quick question: How does inhaling fine particulate matter affect the bloodstream?,Health Effects
Could you explain if how does smoke exposure affect elderly patients in assisted living homes?,Vulnerable Groups
Is it true that does an N100 mask provide 99.97% filtration against particulate matter?,Masks and Protection
"Is it true that can high AQI cause throat irritation, soreness, and coughing?",Symptoms
Can particulate pollution cause eosinophilic inflammation in the airways?,Respiratory Health
What precautions should joggers take if they must run in AQI 130?,Outdoor Activities
Can air pollution cause behavioral issues or ADHD symptoms in children?,Vulnerable Groups
Is it true that can you tell me: Can air pollution cause behavioral issues or ADHD symptoms in children?,Vulnerable Groups
"Hey AQI-Sense, Quick question: What respiratory safety measures must road sweepers follow on dusty thoroughfares?",Pollution Exposure
How do nitrogen dioxide emissions damage respiratory cilia and clearance?,Respiratory Health
"Hey AQI-Sense, I want to know, What steps can apartment complexes take to filter common area air?",Precautions
Can air pollution cause irreversible scarring and fibrosis of lung parenchyma?,Respiratory Health
"Doctor, Doctor, Why does fogging on eyeglasses indicate a poor respirator fit?",Masks and Protection
Is it safe to play outdoor basketball in the schoolyard today?,Outdoor Activities
How does lifetime exposure to particulate matter compare to smoking a pack of cigarettes a day?,Pollution Exposure
What precautions should restaurants take with outdoor patio seating during smog?,Precautions
Quick question: Quick question: Why do I experience nausea and stomach discomfort in dense smog?,Symptoms
Could you explain if why does air leak around the nose bridge of improperly fitted masks?,Masks and Protection
Is it safe to play outdoor football or soccer when air quality is Unhealthy?,Outdoor Activities
Please explain: Is it true that how does exposure to burning biomass compare to vehicle emissions in toxicity?,Pollution Exposure
Is it safe to do outdoor yoga and deep breathing exercises in moderate air?,Outdoor Activities
Can you tell me: Why do I feel chest tightness and burning after walking in smog?,Symptoms
Could you explain if why do I get a pounding frontal headache after commuting in traffic?,Symptoms
Could you explain if quick question: Why does the smoggy air make me feel suffocated and anxious?,Symptoms
Is an AQI of 300 considered safe or dangerous?,AQI Information
How many cigarettes equivalent is breathing air with an AQI of 250 for 24 hours?,Pollution Exposure
Can you tell me: Quick question: Is it true that quick question: Are patients recovering from recent cardiac surgery vulnerable to air pollution?,Vulnerable Groups
"Doctor, What diet and hydration tips help the body handle air pollution?",Precautions
Is it true that why are diabetic patients at higher risk of cardiovascular events during smog?,Vulnerable Groups
What is the best type of protective mask for cycling in polluted traffic?,Masks and Protection
What does severe AQI above 400 mean for the general population?,AQI Information
"Doctor, Please explain: Why does inhaling cold polluted air make my chest feel tight?",Symptoms
Do surgical masks leak air heavily through the sides during inhalation?,Masks and Protection
Are PM2.5 activated carbon filters washable or disposable?,Masks and Protection
"Doctor, Can chronic smog exposure permanently stunt lung development in children?",Vulnerable Groups
What does a maroon air quality alert signify?,AQI Information
Could you explain if please explain: Why are people with hypertension more vulnerable during pollution crises?,Vulnerable Groups
How does cumulative lifetime exposure in polluted cities affect lung function decline?,Pollution Exposure
Can I go for a morning run or jog when the AQI is 250?,Outdoor Activities
What emergency precautions should be taken during wildfire smoke events?,Precautions
"Can you tell me: Hey AQI-Sense, Why are roadside vendors and traffic police considered an occupational vulnerable group?",Vulnerable Groups
Can breathing chemical smog cause reactive airways dysfunction syndrome RADS?,Respiratory Health
Why do people with allergic rhinitis experience severe flare-ups in smog?,Respiratory Health
What are the color codes for the air quality index scale?,AQI Information
Could you explain if why do I get shortness of breath after climbing stairs on smoggy days?,Symptoms
Should youth sports leagues cancel games when air quality is Moderate?,Outdoor Activities
Can you tell me: Can you tell me: What preventive measures are recommended during agricultural stubble burning?,Precautions
What does it mean when an air monitor reports PM2.5 of 150 ug/m3?,AQI Information
Does air pollution contribute to systemic vascular inflammation?,Health Effects
"Quick question: Could you explain if i have had a throbbing headache since the smog arrived, is this normal?",Symptoms
Is an elastomeric half-mask respirator better than disposable N95s for smog?,Masks and Protection
Could you explain if can you tell me: What diseases are directly attributable to poor outdoor air quality?,Health Effects
Why do diabetic patients face higher vascular risk from toxic smog?,Vulnerable Groups
Can keeping indoor plants like snake plants reduce indoor air pollution?,Precautions
"Please explain: Hey AQI-Sense, What respirator should traffic wardens wear during peak congestion?",Masks and Protection
"I want to know, What precautions should construction sites take to prevent dust spread?",Precautions
How many cigarettes equivalent is breathing air with an AQI of 380 for 24 hours?,Pollution Exposure
Please explain: Is it true that at what AQI level is it strongly recommended to wear an N95 respirator?,Masks and Protection
"Hey AQI-Sense, How can you perform a user seal check (positive and negative pressure test)?",Masks and Protection
"Doctor, Can dirty air cause long term chronic bronchitis and persistent wheezing?",Respiratory Health
Please explain: Can acute particulate exposure during pregnancy alter placental vascular architecture?,Pollution Exposure
Can environmental pollution increase insulin resistance?,Health Effects
Why does winter temperature inversion cause severe bronchial spasms?,Respiratory Health
Can you tell me: Quick question: Does air pollution contribute to systemic vascular inflammation?,Health Effects
How does ambient particulate matter affect spirometry measurements in clinic?,Respiratory Health
Why do I keep sneezing and coughing whenever I go outside?,Symptoms
Could you explain if what occurs when construction workers fail to use water misting and dust suppression?,Pollution Exposure
How is the daily maximum AQI determined by environmental agencies?,AQI Information
Can particulate matter cause mast cell degranulation in the bronchial tree?,Respiratory Health
Why do I feel nervous and anxious when breathing suffocating smog?,Symptoms
Can I exercise outdoors in the evening if the AQI is 250?,Outdoor Activities
Does wearing a mask outdoors significantly reduce inhaled particulate dosage?,Masks and Protection
Is it true that could you explain if can you tell me: Can you tell me: How deeply do fine particulate matter particles penetrate into lung alveoli?,Respiratory Health
Are infants exposed to heavy smog more prone to developing bronchiolitis?,Vulnerable Groups
"Hey AQI-Sense, Why are patients with congestive heart failure frequently hospitalized during smog?",Vulnerable Groups
Can you tell me: What are the epigenetic changes caused by chronic smog exposure?,Health Effects
What happens to blood viscosity when breathing dense air pollution?,Health Effects
Why are patients with congestive heart failure frequently hospitalized during smog?,Vulnerable Groups
What does a moderate AQI rating between 51 and 100 represent?,AQI Information
Can I go for a morning run or jog when the AQI is 110?,Outdoor Activities
"Doctor, Should I avoid vacuuming with non-HEPA vacuums during poor air quality?",Precautions
Is it safe to play outdoor football or soccer when air quality is Very Unhealthy?,Outdoor Activities
What is a temperature inversion and how does it trap pollution?,AQI Information
Can smog cause eye redness and conjunctivitis-like symptoms?,Symptoms
Is it safe to commute by walking two miles in moderate air pollution?,Outdoor Activities
Why do asthmatics need their rescue inhalers more frequently during smog?,Respiratory Health
What are the physiological consequences of sleeping in a bedroom with poor indoor air quality?,Pollution Exposure
Can regular surgical masks or cloth bandanas protect against smog?,Masks and Protection
Could you explain if does air pollution worsen pulmonary outcomes in patients with bronchiectasis?,Respiratory Health
Can air pollution trigger migraine headaches and eye strain?,Symptoms
Should I use an exhaust chimney while frying food on smoggy days?,Precautions
Can toxic emissions cause acute tracheobronchitis in previously healthy people?,Respiratory Health
How does chronic smog exposure affect psychological well-being?,Health Effects
How does particulate matter affect brain health and cognition?,Health Effects
Why do patients with interstitial lung disease require supplemental oxygen in smog?,Respiratory Health
Why does air pollution cause worsening dyspnea in chronic respiratory patients?,Respiratory Health
Why does AQI spike during winter mornings?,AQI Information
Could you explain if what health risks confront outdoor gig delivery drivers working in hazardous AQI?,Pollution Exposure
What does AQI level 350 mean for daily life?,AQI Information
Is it true that can ambient air pollution speed up emphysematous lung destruction?,Respiratory Health
"Why do I feel lightheaded, nauseous, and woozy on high AQI days?",Symptoms
Can you tell me: Does an N100 mask provide 99.97% filtration against particulate matter?,Masks and Protection
What does a yellow air quality alert signify?,AQI Information
Can taking antioxidant supplements or vitamin C help counter pollution?,Precautions
Are immunocompromised patients at greater risk of fungal lung infections in smog?,Vulnerable Groups
What is the relationship between air pollution and neuroinflammation?,Health Effects
Is an AQI of 410 considered safe or dangerous?,AQI Information
"Doctor, Can poor air quality cause nocturnal asthma attacks and nighttime coughing?",Respiratory Health
Can I do light yoga in the park when the AQI is 125?,Outdoor Activities
At what AQI level is it strongly recommended to wear an N95 respirator?,Masks and Protection
How can I monitor indoor air quality levels inside my living room?,Precautions
Is it safe to go for a brisk morning walk when AQI is 145?,Outdoor Activities
Can breathing dirty air cause cellular senescence in blood vessels?,Health Effects
"Hey AQI-Sense, Doctor, Does ambient air pollution contribute to retinal microvascular changes?",Health Effects
Can you tell me: What are the long term consequences of breathing diesel exhaust?,Health Effects
What are the best indoor plants to complement air purifiers?,Precautions
Please explain: How many cigarettes equivalent is breathing air with an AQI of 75 for 24 hours?,Pollution Exposure
"I want to know, What emergency precautions should be taken during wildfire smoke events?",Precautions
Quick question: What does AQI level 155 mean for daily life?,AQI Information
Does a damp cloth over the mouth and nose block smoke particles?,Masks and Protection
What happens when someone spends an entire day outdoors during a hazardous smog episode?,Pollution Exposure
Can children play in the backyard playground when the AQI is 500?,Outdoor Activities
Can I go for a morning run or jog when the AQI is 55?,Outdoor Activities
"Doctor, What measures can prevent soot and particulate matter from entering apartments?",Precautions
How can people with beards achieve an effective seal with an N95 mask?,Masks and Protection
What protocols should nursing homes follow during seasonal air pollution emergencies?,Vulnerable Groups
Could you explain if can childhood exposure to high PM2.5 permanently curtail peak lung growth?,Respiratory Health
Quick question: Is it true that quick question: Are patients recovering from recent cardiac surgery vulnerable to air pollution?,Vulnerable Groups
Is it true that what is the difference between European CAQI and US EPA AQI?,AQI Information
Can I do light yoga in the park when the AQI is 300?,Outdoor Activities
Can outdoor gardeners and landscapers work safely in Moderate air?,Outdoor Activities
Is an AQI under 50 considered pristine and clean air?,AQI Information
Is it recommended to run a HEPA air purifier on hazardous pollution days?,Precautions
How does minute ventilation volume increase during outdoor cardio?,Outdoor Activities
Can you tell me: How deeply do fine particulate matter particles penetrate into lung alveoli?,Respiratory Health
What does an AQI of 230 mean?,AQI Information
What type of mask should street cleaners wear when sweeping roads?,Masks and Protection
Should outdoor tennis matches and cricket games be postponed due to smog?,Outdoor Activities
Can outdoor gardeners and landscapers work safely in Unhealthy for Sensitive Groups air?,Outdoor Activities
"I want to know, How is the Air Quality Index calculated?",AQI Information
"Quick question: Hey AQI-Sense, Why do standard paper dust masks fail to protect against vehicle emissions?",Masks and Protection
How do the body's mucociliary escalators filter out inhaled soot particles over weeks?,Pollution Exposure
Is it true that do simple cloth face coverings provide any defense against air pollution?,Masks and Protection
What does AQI category 'Unhealthy for Sensitive Groups' indicate for public health?,AQI Information
How should disposable masks be disposed of after use in heavy smog?,Masks and Protection
Is it true that why do I feel chest tightness and burning after walking in smog?,Symptoms
"Doctor, Can fine particles cross the blood-brain barrier?",Health Effects
"Hey AQI-Sense, Why do standard paper dust masks fail to protect against vehicle emissions?",Masks and Protection
Can I take my toddler for a stroller walk when the AQI is 490?,Outdoor Activities
Can I take my toddler for a stroller walk when the AQI is 55?,Outdoor Activities
Could you explain if can air pollution exposure during pregnancy cause maternal gestational diabetes?,Vulnerable Groups
What does AQI 350 mean for hospital admissions?,AQI Information
Why do my contact lenses hurt when particulate levels are elevated?,Symptoms
"I want to know, Please explain: Why do people with allergic rhinitis suffer so much during smog season?",Respiratory Health
What advice do obstetricians give to expectant mothers during smog season?,Vulnerable Groups
Is it safe to cycle to work when air quality is classified as Unhealthy for Sensitive Groups?,Outdoor Activities
Is there a link between poor air quality and high blood pressure?,Health Effects
What is the threshold for unhealthy air on the AQI scale?,AQI Information
What does AQI 420 mean?,AQI Information
Are exhaust valve masks safe and effective for personal pollution defense?,Masks and Protection
How do electrostatically charged fibers in N95 masks capture submicron particles?,Masks and Protection
What does an AQI of 55 mean?,AQI Information
"I want to know, How does air pollution impact metabolic syndrome and cholesterol?",Health Effects
What are the long term hazards of diesel particulate exposure for bus drivers?,Pollution Exposure
How can I minimize smoke leakage under doors during stubble burning?,Precautions
Does air pollution increase the severity of viral pneumonia and bronchitis?,Respiratory Health
Can I walk my dog outside for an hour when the air quality is 250?,Outdoor Activities
Can I do calisthenics in an open-air park when the AQI is 500?,Outdoor Activities
Is it true that how does exposure to burning biomass compare to vehicle emissions in toxicity?,Pollution Exposure
Quick question: Can wearing two cloth masks match the filtration efficiency of an N95?,Masks and Protection
Why do I experience nausea and stomach discomfort in dense smog?,Symptoms
Why is my throat dry and scratchy after commuting in traffic?,Symptoms
"Hey AQI-Sense, Quick question: Is it true that quick question: Are patients recovering from recent cardiac surgery vulnerable to air pollution?",Vulnerable Groups
Can smog cause burning sensations throughout the upper respiratory tract?,Symptoms
How does particulate matter affect systemic blood clotting factors?,Health Effects
Could you explain if explain what AQI 410 indicates?,AQI Information
"Please explain: Doctor, I want to know, Please explain: Why do people with allergic rhinitis suffer so much during smog season?",Respiratory Health
How do I check if my KN95 mask is genuine or counterfeit?,Masks and Protection
Is it true that please explain: Is it true that at what AQI level is it strongly recommended to wear an N95 respirator?,Masks and Protection
Is it true that can two surgical masks worn together equal the filtration of an N95?,Masks and Protection
What does an AQI of 490 mean?,AQI Information
Quick question: Can you tell me: Can chronic smog exposure permanently stunt lung development in children?,Vulnerable Groups
Can outdoor gardeners and landscapers work safely in hazy weather?,Outdoor Activities
Can children play in the backyard playground when the AQI is 155?,Outdoor Activities
Can outdoor gardeners and landscapers work safely in Hazardous air?,Outdoor Activities
Why do my lips feel chapped and dry in heavy air pollution?,Symptoms
Can you tell me: How does proximity to port shipping terminals elevate sulfur and diesel particle exposure?,Pollution Exposure
How does dirty air affect cholesterol levels and arterial plaque?,Health Effects
What precautions should I take when the AQI reaches unhealthy levels?,Precautions
Why are people with existing pulmonary arterial hypertension considered sensitive?,Vulnerable Groups
Could you explain if are exhaust valve masks safe and effective for personal pollution defense?,Masks and Protection
Please explain: Could you explain if can air pollution trigger acute migraine attacks with light sensitivity?,Symptoms
Can air pollution trigger pleurisy or inflammation of the pleural membranes?,Respiratory Health
What safety protocols should municipal sweepers follow when sweeping dry dusty roads?,Pollution Exposure
Why do I feel breathless after doing simple household chores during high AQI?,Symptoms
What is the breakpoint table used by EPA for calculating AQI?,AQI Information
Could you explain if is it true that can you tell me: What is the difference between particulate filtering and gas filtration?,Masks and Protection
What does an AQI between 201 and 300 indicate?,AQI Information
Can I take my toddler for a stroller walk when the AQI is 155?,Outdoor Activities
Why are infants and toddlers more susceptible to toxic air pollution?,Vulnerable Groups
Quick question: How can public transport riders minimize exposure to bus and truck exhaust?,Precautions
At what AQI level should all outdoor physical activities be moved indoors?,Outdoor Activities
Is short-term acute exposure to high AQI more damaging than chronic low exposure?,Pollution Exposure
"Hey AQI-Sense, Can breathing dirty air cause a dry metallic taste in the mouth?",Symptoms
How does air pollution interact with cardiovascular disease in older adults?,Vulnerable Groups
How does heavy respiration during exercise increase pollutant intake?,Outdoor Activities
Can prenatal air pollution exposure be linked to autism or cognitive delays?,Vulnerable Groups
Quick question: Please explain: Should I change clothes and wash my face after spending hours in smog?,Precautions
Is it safe to play outdoor football or soccer when air quality is Moderate?,Outdoor Activities
How long does it take for the body to clear particulate matter after acute smoke exposure?,Pollution Exposure
Can ambient air pollution speed up emphysematous lung destruction?,Respiratory Health
How does topography cause pollution to concentrate in valley basins?,AQI Information
How does particulate matter affect heart muscle contraction?,Health Effects
"I want to know, Can living in a polluted city shorten human life expectancy?",Health Effects
Should outdoor construction and heavy manual labor be halted at AQI 55?,Outdoor Activities
How does living downwind of a coal-fired power station affect annual PM2.5 dose?,Pollution Exposure
Quick question: What happens to the human body after 8 hours of continuous exposure to toxic air?,Pollution Exposure
Can long term smog exposure lead to adult-onset asthma in healthy individuals?,Respiratory Health
Can I walk my dog outside for an hour when the air quality is 75?,Outdoor Activities
Is it true that what respiratory safety measures must road sweepers follow on dusty thoroughfares?,Pollution Exposure
What should construction workers do to protect themselves from dust clouds?,Precautions
Can air pollution accelerate cognitive decline in middle-aged adults?,Health Effects
Why does air leak around the nose bridge of improperly fitted masks?,Masks and Protection
"Hey AQI-Sense, Doctor, Are seniors with congestive heart failure at risk of hospitalization in smog?",Vulnerable Groups
Is it true that can you tell me: What is the difference between particulate filtering and gas filtration?,Masks and Protection
How does high AQI impact pregnant women and their unborn babies?,Vulnerable Groups
Is it true that quick question: Are patients recovering from recent cardiac surgery vulnerable to air pollution?,Vulnerable Groups
Can fine dust cause constant sneezing fits and a runny nose?,Symptoms
Can activated charcoal filters adsorb sulfur dioxide and ozone?,Masks and Protection
How many cigarettes equivalent is breathing air with an AQI of 140 for 24 hours?,Pollution Exposure
"Quick question: Hey AQI-Sense, How does breathing resistance compare between N95 and N99 respirators?",Masks and Protection
"Hey AQI-Sense, How does ambient particulate matter affect spirometry measurements in clinic?",Respiratory Health
"I want to know, Doctor, Are seniors with congestive heart failure at risk of hospitalization in smog?",Vulnerable Groups
What is the difference between N95 and N99 particulate respirators?,Masks and Protection
How does cumulative exposure to indoor cooking smoke compound outdoor pollution exposure?,Pollution Exposure
Can runners wear an N95 mask while doing interval training outdoors?,Outdoor Activities
Can I do light yoga in the park when the AQI is 75?,Outdoor Activities
What is the difference between ambient air quality and indoor air quality?,AQI Information
"Doctor, What does an AQI of 380 mean?",AQI Information
Why does my nose feel chronically stuffed up during the winter pollution peak?,Symptoms
"Hey AQI-Sense, Doctor, How does urban smog impact bone mineral density and osteoporosis?",Health Effects
How deeply do fine particulate matter particles penetrate into lung alveoli?,Respiratory Health
"Doctor, Hey AQI-Sense, Why are roadside vendors and traffic police considered an occupational vulnerable group?",Vulnerable Groups
Can particulate pollution cause cognitive impairment in senior citizens?,Vulnerable Groups
"Hey AQI-Sense, Are children with childhood asthma at greater risk during smog events?",Vulnerable Groups
"Doctor, Can you tell me: How does exposure to burning biomass compare to vehicle emissions in toxicity?",Pollution Exposure
How does long term air pollution impact overall human health?,Health Effects
How often is the municipal air quality index updated during the day?,AQI Information
Can high air pollution trigger a life-threatening asthma attack?,Respiratory Health
Quick question: What respiratory safety measures must road sweepers follow on dusty thoroughfares?,Pollution Exposure
How does sulfur dioxide gas induce rapid bronchospasms in sensitive individuals?,Respiratory Health
Can kids wear adult KN95 masks by tying knots in the ear loops?,Masks and Protection
Can air pollution cause subclinical cardiovascular damage in youths?,Health Effects
Can poor air quality cause wheezing sounds when exhaling?,Symptoms
Is it safe to dry laundry outside when particulate levels are very high?,Precautions
Can bad air cause hoarseness and loss of voice?,Symptoms
"Quick question: Doctor, Can air pollution cause long term hyperreactivity of the vagal sensory nerves in the lungs?",Respiratory Health
What does an AQI between 151 and 200 mean for healthy adults?,AQI Information
What are the guidelines for school athletic departments regarding AQI?,Outdoor Activities
What biomarkers in blood and urine reflect recent exposure to vehicle emissions?,Pollution Exposure
How does ground level ozone damage the epithelial lining of the lungs?,Respiratory Health
Please explain: What precautions should be taken if living next to a high-traffic highway?,Precautions
Is it true that why do my lungs feel heavy and irritated after outdoor exposure?,Symptoms
What does AQI 225 mean for city commuters?,AQI Information
Is it safe to open windows in the early morning for ventilation during smog?,Precautions
Can toxic exhaust cause chronic renal insufficiency?,Health Effects
Quick question: Can toxic emissions cause acute tracheobronchitis in previously healthy people?,Respiratory Health
Does air pollution cause an increase in emergency room cardiac visits?,Health Effects
Which pollutant usually drives the AQI in metropolitan cities?,AQI Information
"Hey AQI-Sense, Is it safe to air out the house in the afternoon when AQI is high?",Precautions
Why did the WHO update its global air quality guidelines in 2021?,AQI Information
Can dirty air cause chronic inflammation throughout the body?,Health Effects
Is it true that should I run my home air conditioner on recirculation mode during smog?,Precautions
Can you tell me: What type of air purifier filter is best for trapping PM2.5?,Precautions
Quick question: How should disposable masks be disposed of after use in heavy smog?,Masks and Protection
Can high air pollution trigger an acute asthma attack in patients?,Respiratory Health
Is evening jogging safer than early morning running during winter smog?,Outdoor Activities
Can bad air cause nocturnal asthma flare-ups and nighttime awakenings?,Respiratory Health
Why does pollution cause increased sputum and mucus production in the lungs?,Respiratory Health
Is it true that are seniors living alone more susceptible to heat and smog episodes?,Vulnerable Groups
Can acute exposure to industrial chemical fumes cause persistent health problems?,Pollution Exposure
"Can smog cause sudden chest heaviness, tightness, and difficulty inhaling?",Symptoms
Is it dangerous to go hiking in the mountains during a regional smog alert?,Outdoor Activities
"I want to know, How does pollution affect oxygen saturation in the arterial blood?",Health Effects
What does a Code Orange air quality advisory indicate?,AQI Information
How should car drivers set their ventilation system in heavy traffic?,Precautions
Quick question: How many cigarettes equivalent is breathing air with an AQI of 320 for 24 hours?,Pollution Exposure
"Doctor, Hey AQI-Sense, Can fine particles enter brain tissue through the olfactory nerve?",Health Effects
What does an AQI between 0 and 50 indicate for sensitive people?,AQI Information
What outdoor activity modifications are recommended on orange alert days?,Outdoor Activities
How can elderly care centers maintain clean indoor air standards?,Precautions
Quick question: Can high air pollution trigger an acute asthma attack in patients?,Respiratory Health
"Doctor, What is the latency period between chronic pollution exposure and respiratory disease onset?",Pollution Exposure
"Doctor, When is the AQI high enough to warrant wearing a respirator outdoors?",Masks and Protection
What respirator should traffic wardens wear during peak congestion?,Masks and Protection
Could you explain if why do patients with interstitial lung disease require supplemental oxygen in smog?,Respiratory Health
Can breathing wood smoke or agricultural smog cause acute pulmonary edema?,Respiratory Health
Can the human body ever fully purge ultrafine nanoparticles that enter the bloodstream?,Pollution Exposure
Can children play in the backyard playground when the AQI is 300?,Outdoor Activities
How does smog exposure impact thyroid gland functioning?,Health Effects
"Doctor, How does air pollution impact children with congenital heart conditions?",Vulnerable Groups
Can I take my toddler for a stroller walk when the AQI is 75?,Outdoor Activities
Can you tell me: Can you tell me: How deeply do fine particulate matter particles penetrate into lung alveoli?,Respiratory Health
Can particulate matter accelerate cognitive decline in dementia patients?,Vulnerable Groups
Can air pollution affect the developing lungs of young children permanently?,Vulnerable Groups
Can heavy smog lead to acute coronary syndromes?,Health Effects
How long after moving to a clean-air region does systemic inflammation subside?,Pollution Exposure
Is it true that is steam inhalation helpful for clearing nasal passages irritated by smog?,Precautions
Can living in high PM2.5 areas reduce maximum lung growth in adolescents?,Respiratory Health
Explain the difference between PM10 and PM2.5 in air quality index.,AQI Information
What is the NIOSH testing standard for particulate respirators?,Masks and Protection
Please explain: Can poor air quality worsen obstructive sleep apnea and hypoxemia?,Respiratory Health
What does an AQI of 185 mean?,AQI Information
Does dirty air cause endothelial dysfunction in blood vessels?,Health Effects
"Can you tell me: Why do I feel lightheaded, nauseous, and woozy on high AQI days?",Symptoms
Can toxic smog accelerate the aging process in human tissues?,Health Effects
How do epidemiological studies measure human lifetime exposure to PM2.5?,Pollution Exposure
What is the difference between AQI and micrograms per cubic meter?,AQI Information
How does particulate matter affect pulmonary surfactant composition?,Respiratory Health
Can air pollution cause emphysema progression in chronic lung disease patients?,Respiratory Health
Is it safe to use essential oil diffusers when outdoor air is polluted?,Precautions
"Doctor, Does ambient air pollution contribute to retinal microvascular changes?",Health Effects
What special precautions should pediatric daycare centers enforce for air quality?,Vulnerable Groups
"Doctor, Please explain: Could you explain if what is the cellular mechanism by which ozone inflames the pulmonary airway?",Respiratory Health
Are patients recovering from recent cardiac surgery vulnerable to air pollution?,Vulnerable Groups
Can cumulative exposure to wood fire smoke cause permanent biological damage?,Pollution Exposure
How do particulate filters trap sub-micron PM2.5 particles?,Masks and Protection
Why do I get shortness of breath after climbing stairs on smoggy days?,Symptoms
Can you tell me: Does air pollution worsen pulmonary outcomes in patients with bronchiectasis?,Respiratory Health
Can you tell me: How does air pollution impact metabolic syndrome and cholesterol?,Health Effects
Can air pollution increase the risk of deep vein thrombosis?,Health Effects
Should I keep all windows and doors closed when air pollution is severe?,Precautions
"Doctor, What certifications should I look for when buying an anti-pollution mask?",Masks and Protection
Is it true that what happens to the human body after 8 hours of continuous exposure to toxic air?,Pollution Exposure
How does cumulative particulate exposure over 10 years impact mortality risk?,Pollution Exposure
Is it true that can you tell me: What precautions should be taken when cooking to avoid adding to indoor PM2.5?,Precautions
Why do pediatricians warn parents to keep babies indoors during red alerts?,Vulnerable Groups
How can schools protect classrooms from outdoor particulate matter?,Precautions
How do public health researchers estimate lifetime exposure to ambient particulate matter?,Pollution Exposure
Can fine particles enter brain tissue through the olfactory nerve?,Health Effects
"Quick question: I want to know, Why does the smoggy air make me feel suffocated and anxious?",Symptoms
"Doctor, Please explain: Why are cancer patients undergoing chemotherapy considered high-risk?",Vulnerable Groups
How many cigarettes equivalent is breathing air with an AQI of 300 for 24 hours?,Pollution Exposure
Can you tell me: What is the best personal protective equipment for walking through toxic smog?,Masks and Protection
How can residents living downwind of factories protect their indoor air?,Precautions
Does smog increase the risk of hospitalizations for cardiovascular events?,Health Effects
How can you perform a user seal check (positive and negative pressure test)?,Masks and Protection
Can breathing smog cause microvascular inflammation?,Health Effects
Can I go for a morning run or jog when the AQI is 230?,Outdoor Activities
"Could you explain if i want to know, How does poor air quality affect individuals with pre-existing heart disease?",Vulnerable Groups
Does air pollution cause cellular oxidative stress and damage?,Health Effects
How does smog affect children who walk long distances along highways to school?,Vulnerable Groups
Can you tell me: Can you tell me: What diseases are directly attributable to poor outdoor air quality?,Health Effects
Can poor air quality cause sinus headaches and facial pressure?,Symptoms
Can you tell me: Can cumulative exposure to agricultural stubble smoke cause irreversible harm?,Pollution Exposure
Quick question: Why does the smoggy air make me feel suffocated and anxious?,Symptoms
"Doctor, What does AQI level 380 mean for daily life?",AQI Information
Is air pollution classified as a human carcinogen by the WHO?,Health Effects
Can I do calisthenics in an open-air park when the AQI is 125?,Outdoor Activities
"Doctor, Can heavy smog lead to acute coronary syndromes?",Health Effects
What happens if construction workers do not use dust suppression equipment?,Pollution Exposure
What are the health risks for traffic police officers exposed to roadside exhaust daily?,Pollution Exposure
Could you explain if can poor air quality cause nasal congestion and sinus pressure?,Symptoms
Are senior citizens over 65 at greater risk of heart complications from smog?,Vulnerable Groups
Why is air pollution considered a major global health hazard?,Health Effects
"Hey AQI-Sense, What respirator should traffic wardens wear during peak congestion?",Masks and Protection
What does AQI 120 mean for public health?,AQI Information
Why is PM2.5 given so much weight in the AQI calculation?,AQI Information
Can you tell me: How does breathing resistance compare between N95 and N99 respirators?,Masks and Protection
"Hey AQI-Sense, Can you tell me: What are the occupational health standards for outdoor laborers during red alerts?",Pollution Exposure
"Doctor, Are seniors with congestive heart failure at risk of hospitalization in smog?",Vulnerable Groups
Can cumulative exposure to agricultural stubble smoke cause irreversible harm?,Pollution Exposure
Should office buildings install MERV 13 or higher air filters?,Precautions
Quick question: Does an N95 mask protect against PM2.5 fine particulate matter?,Masks and Protection
What respiratory safety measures must road sweepers follow on dusty thoroughfares?,Pollution Exposure
Can air pollution cause a sensation of pressure behind the eyes?,Symptoms
"Doctor, How should an N95 respirator be stored between daily uses?",Masks and Protection
What is the maximum safe AQI threshold for vigorous marathon training?,Outdoor Activities
Could you explain if why do individuals with sickle cell anemia need protection from bad air?,Vulnerable Groups
Why do surgical masks fail to protect against vehicle exhaust and PM2.5?,Masks and Protection
What is the difference between FFP2 and N95 mask standards?,Masks and Protection
"Doctor, How many cigarettes equivalent is breathing air with an AQI of 380 for 24 hours?",Pollution Exposure
What are the health risks of working in underground subway stations with brake dust?,Pollution Exposure
Is it better to exercise indoors at a gym rather than running outside today?,Outdoor Activities
Please explain: What type of mask should street cleaners wear when sweeping roads?,Masks and Protection
Can acute smoke inhalation lead to chemical pneumonitis and pulmonary edema?,Respiratory Health
Quick question: Please explain: What are the best precautions to take when AQI exceeds 200?,Precautions
"Doctor, Why does fogging on eyeglasses indicate a poor respirator fit?",Masks and Protection
Do cloth masks with PM2.5 carbon filter inserts provide adequate protection?,Masks and Protection
"I want to know, How deeply do fine particulate matter particles penetrate into lung alveoli?",Respiratory Health
Quick question: Quick question: How can public transport riders minimize exposure to bus and truck exhaust?,Precautions
Why do respiratory allergy sufferers experience heightened histaminic responses in smog?,Respiratory Health
Quick question: How should drivers seal car vents when driving through polluted tunnels?,Precautions
Is it safe to do outdoor interval sprints in urban air?,Outdoor Activities
What biomarkers of oxidative stress are elevated after acute exposure to city traffic smog?,Pollution Exposure
What preventive measures are recommended during agricultural stubble burning?,Precautions
What is the highest AQI possible on the standard scale?,AQI Information
What is the exact biological mechanism by which ozone inflames lung tissue?,Respiratory Health
"What is the difference between N95, KN95, KF94, and FFP2 masks?",Masks and Protection
Should corporate outdoor team-building activities be moved indoors?,Outdoor Activities
Can chronic smog exposure permanently stunt lung development in children?,Vulnerable Groups
Why are roadside vendors and traffic police considered an occupational vulnerable group?,Vulnerable Groups
Can inhaling smog during a cold trigger secondary bacterial bronchitis?,Respiratory Health
How does traffic pollution affect vascular endothelial function?,Health Effects
Quick question: Can breathing dirty air cause a dry metallic taste in the mouth?,Symptoms
Can I do light yoga in the park when the AQI is 155?,Outdoor Activities
How does air pollution interact with hypertension in elderly populations?,Vulnerable Groups
Please explain: Why does inhaling cold polluted air make my chest feel tight?,Symptoms
Can I exercise outdoors in the evening if the AQI is 320?,Outdoor Activities
How do occupational hygienists calculate time-weighted average exposure to respirable dust?,Pollution Exposure
Can air pollution cause long term hyperreactivity of the vagal sensory nerves in the lungs?,Respiratory Health
"Doctor, What is the difference between FFP2 and N95 mask standards?",Masks and Protection
"What is the difference between N95, KN95, KF94, and N99 respirators?",Masks and Protection
Can you tell me: Can air pollution cause behavioral issues or ADHD symptoms in children?,Vulnerable Groups
Is evening running safer than early morning running during winter smog?,Outdoor Activities
"Doctor, Can two surgical masks worn together equal the filtration of an N95?",Masks and Protection
How is ground-level ozone factored into the AQI formula?,AQI Information
Can children play in the backyard playground when the AQI is 185?,Outdoor Activities
"Doctor, Could you explain if why do I get a pounding frontal headache after commuting in traffic?",Symptoms
"I want to know, How can residents living downwind of factories protect their indoor air?",Precautions
Can air pollution aggravate sleep apnea and nocturnal hypoxemia?,Respiratory Health
How does sulfur dioxide cause sudden bronchoconstriction in sensitive lungs?,Respiratory Health
How does poor air quality affect organ transplant recipients?,Vulnerable Groups
Can I walk my dog outside for an hour when the air quality is 125?,Outdoor Activities
How does ground level ozone affect internal body organs?,Health Effects
Please explain: What does a purple air quality alert signify?,AQI Information
Can air pollution increase the frequency of respiratory tract infections?,Respiratory Health
Why does photochemical smog require sunlight to form ground level ozone?,AQI Information
Can childhood exposure to high PM2.5 permanently curtail peak lung growth?,Respiratory Health
Quick question: Does air pollution contribute to systemic vascular inflammation?,Health Effects
Quick question: Why do I feel unusually fatigued and low energy on high pollution days?,Symptoms
Why do I cough up dark or gray mucus after spending time outdoors?,Symptoms
"Could you explain if i want to know, Quick question: Can breathing dirty air cause a dry metallic taste in the mouth?",Symptoms
"Could you explain if i want to know, Can bad air cause sharp stinging sensations in the trachea?",Symptoms
Why does fogging on eyeglasses indicate a poor respirator fit?,Masks and Protection
Can acute high-level smog exposure cause transient endothelial dysfunction for 72 hours?,Pollution Exposure
"Doctor, Can air pollution cause long term hyperreactivity of the vagal sensory nerves in the lungs?",Respiratory Health
Can you tell me: What is the difference between particulate filtering and gas filtration?,Masks and Protection
How does exposure to burning biomass compare to vehicle emissions in toxicity?,Pollution Exposure
Please explain: How can I monitor indoor air quality levels inside my living room?,Precautions
Explain what AQI 55 indicates.,AQI Information
What does a maroon AQI warning signify?,AQI Information
What are the cumulative health detriments for airport ground staff exposed to jet exhaust?,Pollution Exposure
How does particulate pollution affect surfactant production in the lungs?,Respiratory Health
What immediate steps should be taken when a hazardous air alert is issued?,Precautions
Could you explain if can smog cause burning sensations throughout the upper respiratory tract?,Symptoms
How does air pollution affect sleep architecture and sleep apnea?,Health Effects
Should schools cancel outdoor sports practices and recess today?,Outdoor Activities
What happens to the circulatory system during a severe smog episode?,Health Effects
Can I do light yoga in the park when the AQI is 140?,Outdoor Activities
Can you tell me: Can diesel exhaust exposure cause airway remodeling and subepithelial fibrosis?,Respiratory Health
Why do pediatric doctors advise parents to keep young kids inside on red alert days?,Vulnerable Groups
Why do I feel unusually fatigued and low energy on high pollution days?,Symptoms
Can I ride my open motorcycle or scooter safely in heavy smog?,Outdoor Activities
Can air pollution trigger acute migraine attacks with light sensitivity?,Symptoms
Why does smog lead to excessive bronchial mucus production and airway plugging?,Respiratory Health
Should commuters wear protective glasses or sunglasses in dusty smog?,Precautions
Can athletes train outside if they wear an anti-pollution mask while running?,Outdoor Activities
"Quick question: Doctor, Can fine particles cross the blood-brain barrier?",Health Effects
How deeply do ultrafine particles penetrate into the pulmonary alveoli?,Respiratory Health
Can chronic pollution exposure contribute to type 2 diabetes?,Health Effects
Can air pollution increase systemic oxidative stress markers?,Health Effects
Can people with mild fitness goals walk outside when AQI is 115?,Outdoor Activities
"I want to know, Why do I feel lightheaded after riding my scooter in heavy traffic?",Symptoms
Can I run outside when the AQI is 320?,Outdoor Activities
Is it true that quick question: Can particulate pollution cause inflammation of the bronchial tubes?,Respiratory Health
Can an N95 respirator mask be reused multiple times for smog?,Masks and Protection
Can poor air quality worsen obstructive sleep apnea and hypoxemia?,Respiratory Health
How does smog exposure impact pulmonary artery pressure and cor pulmonale?,Respiratory Health
"Doctor, How does diesel particulate matter induce airway hyperresponsiveness?",Respiratory Health
Does air pollution impact kidney and liver function over time?,Health Effects
How is sulfur dioxide tracked in the ambient air index?,AQI Information
Is it safe to cycle to work when air quality is classified as Very Unhealthy?,Outdoor Activities
Can you tell me: What immediate steps should be taken when a hazardous air alert is issued?,Precautions
"Could you explain if doctor, How does distance from a major arterial road affect particulate concentration gradients?",Pollution Exposure
What are the six air quality categories defined by the EPA?,AQI Information
Why are patients with neuromuscular diseases like ALS sensitive to smog?,Vulnerable Groups
How can I ensure an airtight seal when wearing an N95 respirator?,Masks and Protection
Is it safe to cycle to work when air quality is classified as Hazardous?,Outdoor Activities
Is it true that is it true that why is air pollution considered a major global health hazard?,Health Effects
What does a yellow AQI alert mean?,AQI Information
Can pollution cause an irritating dry cough that disturbs sleep?,Symptoms
Can reusable silicone respirators offer better comfort in tropical smog?,Masks and Protection
Can you tell me: Could you explain if can smog cause burning sensations throughout the upper respiratory tract?,Symptoms
Can fine particles cross the blood-brain barrier?,Health Effects
Can I do calisthenics in an open-air park when the AQI is 155?,Outdoor Activities
How does humidity affect particulate matter readings in AQI?,AQI Information
"Doctor, Do simple cloth face coverings provide any defense against air pollution?",Masks and Protection
What health risks confront outdoor gig delivery drivers working in hazardous AQI?,Pollution Exposure
Can outdoor gardeners and landscapers work safely in Unhealthy air?,Outdoor Activities
Do simple cloth face coverings provide any defense against air pollution?,Masks and Protection
"Doctor, How does distance from a major arterial road affect particulate concentration gradients?",Pollution Exposure
Could you explain if can sports training masks filter particulate air pollution?,Masks and Protection
Quick question: Why are people with hypertension more vulnerable during pollution crises?,Vulnerable Groups
What are the multi-organ consequences of severe environmental smog?,Health Effects
"Doctor, Why are patients with cystic fibrosis highly vulnerable to particulate matter?",Vulnerable Groups
Could you explain if are there special pediatric N95 masks designed for children's smaller faces?,Masks and Protection
Can you tell me: What precautions should be taken when cooking to avoid adding to indoor PM2.5?,Precautions
"I want to know, Can diesel exhaust exposure cause airway remodeling and subepithelial fibrosis?",Respiratory Health
How can I protect my household from toxic outdoor smoke and smog?,Precautions
Can air pollution during pregnancy increase the risk of low birth weight?,Vulnerable Groups
Should marathon organizers cancel races when AQI exceeds 150?,Outdoor Activities
"I want to know, Is air pollution classified as a human carcinogen by the WHO?",Health Effects
Why is AQI usually worse at night and during early morning inversion?,AQI Information
What preventive habits should city dwellers adopt during winter smog season?,Precautions
What are the cumulative health risks of living within 500 meters of a major highway?,Pollution Exposure
Quick question: Does air pollution cause an increase in emergency room cardiac visits?,Health Effects
Quick question: Can air pollution cause behavioral issues or ADHD symptoms in children?,Vulnerable Groups
What are the dangers of prolonged exposure to diesel particulate matter on transit workers?,Pollution Exposure
Is it true that why do I get a pounding frontal headache after commuting in traffic?,Symptoms
Can children play in the backyard playground when the AQI is 350?,Outdoor Activities
Why does my nose run uncontrollably when particulate levels are high?,Symptoms
Can I exercise outdoors in the evening if the AQI is 215?,Outdoor Activities
"Doctor, What does an AQI between 0 and 50 indicate for sensitive people?",AQI Information
Why do individuals with sickle cell anemia need protection from bad air?,Vulnerable Groups
"Quick question: Doctor, Why do asthmatics need their rescue inhalers more frequently during smog?",Respiratory Health
What does a red air quality alert signify?,AQI Information
Why do my eyes burn and water when air quality is bad?,Symptoms
Please explain: How do lungs filter out inhaled soot and carbon particles over time?,Pollution Exposure
What should you do if your indoor AQI monitor shows elevated PM2.5?,Precautions
"Hey AQI-Sense, How is nitrogen dioxide measured in the air pollution index?",AQI Information
Can dirty air cause long term chronic bronchitis and persistent wheezing?,Respiratory Health
Quick question: Can particulate pollution cause inflammation of the bronchial tubes?,Respiratory Health
"Please explain: I want to know, Why do COPD patients experience acute exacerbations during high AQI spikes?",Respiratory Health
What special precautions should nursing mothers take in severe pollution?,Vulnerable Groups
Could you explain if why do pulmonologists advise doubling preventer inhalers during pollution crises?,Respiratory Health
