query,category,processed_query
What are the biological effects of inhaling heavy metals from smog?,Health Effects,biological effect inhale heavy metal smog
"Doctor, Could you explain if how does smoke exposure affect elderly patients in assisted living homes?",Vulnerable Groups,doctor could explain smoke exposure affect elderly patient assist live home
What time of day is air quality cleanest for outdoor exercise?,Outdoor Activities,time day air quality cleanest outdoor exercise
How many cigarettes equivalent is breathing air with an AQI of 75 for 24 hours?,Pollution Exposure,many cigarette equivalent breathe air aqi 75 24 hour
How does the Korean KF94 mask standard compare to the American N95?,Masks and Protection,korean kf94 mask standard compare american n95
How does distance from industrial emission stacks reduce particulate concentration?,Pollution Exposure,distance industrial emission stack reduce particulate concentration
Explain what AQI 75 indicates.,AQI Information,explain aqi 75 indicate
Can you tell me: What diseases are directly attributable to poor outdoor air quality?,Health Effects,tell disease directly attributable poor outdoor air quality
What should parents of toddlers with reactive airway disease do during smog?,Vulnerable Groups,parent toddler reactive airway disease smog
Quick question: How does diesel particulate matter induce genotoxicity and DNA breaks?,Health Effects,quick question diesel particulate matter induce genotoxicity dna break
Quick question: Why do pediatricians warn parents to keep babies indoors during red alerts?,Vulnerable Groups,quick question pediatrician warn parent keep baby indoors red alert
Can wearing fitness wearables track physiological stress from sudden pollution exposure?,Pollution Exposure,wear fitness wearable track physiological stress sudden pollution exposure
How can I tell if my anti-pollution respirator has an airtight seal?,Masks and Protection,tell anti pollution respirator airtight seal
Is it true that how does distance from industrial emission stacks reduce particulate concentration?,Pollution Exposure,true distance industrial emission stack reduce particulate concentration
Does rain wash away airborne particulate matter and lower AQI?,AQI Information,rain wash away airborne particulate matter lower aqi
Can you tell me: How can I improve indoor air quality during heavy outdoor smog?,Precautions,tell improve indoor air quality heavy outdoor smog
"Hey AQI-Sense, How does dirty air affect cholesterol levels and arterial plaque?",Health Effects,hey aqi sense dirty air affect cholesterol level arterial plaque
Can washing an N95 mask ruin its electrostatic filtration layer?,Masks and Protection,wash n95 mask ruin electrostatic filtration layer
Could you explain if why do I feel lightheaded after riding my scooter in heavy traffic?,Symptoms,could explain feel lightheaded rid scooter heavy traffic
Is it true that what type of air purifier filter is best for trapping PM2.5?,Precautions,true type air purifier filter best trap pm25
"I want to know, Can you tell me: Can acute smoke inhalation lead to chemical pneumonitis and pulmonary edema?",Respiratory Health,want know tell acute smoke inhalation lead chemical pneumonitis pulmonary edema
Should outdoor construction and heavy manual labor be halted at AQI 275?,Outdoor Activities,outdoor construction heavy manual labor halt aqi 275
What time of day is outdoor air quality cleanest for walking?,Outdoor Activities,time day outdoor air quality cleanest walk
How does ground level ozone destroy the epithelial lining of the bronchi?,Respiratory Health,grind level ozone destroy epithelial line bronchus
How does poor air quality affect individuals with coronary artery disease?,Vulnerable Groups,poor air quality affect individual coronary artery disease
Is it safe to walk my dog in the park when the AQI is 190?,Outdoor Activities,safe walk dog park aqi 190
Can dust storms from deserts cause hazardous AQI without toxic chemicals?,AQI Information,dust storm desert cause hazardous aqi without toxic chemical
Is it safe to play outdoor football or soccer when air quality is Unhealthy for Sensitive Groups?,Outdoor Activities,safe play outdoor football soccer air quality unhealthy sensitive group
Quick question: Why are patients with congestive heart failure frequently hospitalized during smog?,Vulnerable Groups,quick question patient congestive heart failure frequently hospitalize smog
How does PM2.5 aggravate chronic obstructive pulmonary disease COPD?,Respiratory Health,pm25 aggravate chronic obstructive pulmonary disease copd
Can I do light yoga in the park when the AQI is 490?,Outdoor Activities,light yoga park aqi 490
Can I go for my morning run when the AQI is 160?,Outdoor Activities,go morning run aqi 160
Should outdoor construction work be paused when AQI exceeds 300?,Outdoor Activities,outdoor construction work pause aqi exceed 300
Can children play in the outdoor park when the AQI is 175?,Outdoor Activities,child play outdoor park aqi 175
Can bad air cause dizziness and unsteady balance while walking outside?,Symptoms,bad air cause dizziness unsteady balance walk outside
Is a HEPA H13 air purifier effective against toxic city smog?,Precautions,hepa h13 air purifier effective toxic city smog
Can air pollution cause permanent scarring or fibrosis of lung tissue?,Respiratory Health,air pollution cause permanent scar fibrosis lung tissue
What is the latency period between chronic pollution exposure and respiratory disease onset?,Pollution Exposure,latency period chronic pollution exposure respiratory disease onset
"Doctor, Can dirty air cause chronic inflammation throughout the body?",Health Effects,doctor dirty air cause chronic inflammation throughout body
Quick question: Is it safe to dry laundry outside when particulate levels are very high?,Precautions,quick question safe dry laundry outside particulate level high
Can poor air quality cause nocturnal asthma attacks and nighttime coughing?,Respiratory Health,poor air quality cause nocturnal asthma attack nighttime cough
Can nasal saline rinses help wash out pollution particles from nasal passages?,Precautions,nasal saline rinse help wash pollution particle nasal passage
Could you explain if should office buildings install MERV 13 or higher air filters?,Precautions,could explain office building install merv 13 higher air filter
Does air pollution cause systemic arterial stiffness?,Health Effects,air pollution cause systemic arterial stiffness
Is an AQI of 185 considered safe or dangerous?,AQI Information,aqi 185 consider safe dangerous
Can wearing a respirator make breathing more difficult for asthmatics?,Masks and Protection,wear respirator make breathe difficult asthmatic
Can exposure to biomass smoke cause domestic COPD in non-smokers?,Respiratory Health,exposure biomass smoke cause domestic copd non smoker
Can living in a polluted city shorten human life expectancy?,Health Effects,live pollute city shorten human life expectancy
What guidelines exist for nursing homes during seasonal pollution peaks?,Vulnerable Groups,guideline exist nurse home seasonal pollution peak
Is it necessary to wear an N95 mask inside an air-conditioned office?,Masks and Protection,necessary wear n95 mask inside air condition office
Quick question: What does an AQI between 151 and 200 mean for healthy adults?,AQI Information,quick question aqi 151 200 mean healthy adult
Is an AQI of 140 considered safe or dangerous?,AQI Information,aqi 140 consider safe dangerous
Could you explain if what should I do immediately upon returning home from a polluted street?,Precautions,could explain immediately upon return home pollute street
"Hey AQI-Sense, Is steam inhalation helpful for clearing nasal passages irritated by smog?",Precautions,hey aqi sense steam inhalation helpful clear nasal passage irritate smog
Is an AQI of 125 considered safe or dangerous?,AQI Information,aqi 125 consider safe dangerous
Can cyclists wear sport respirators with replaceable particulate filters?,Masks and Protection,cyclist wear sport respirator replaceable particulate filter
Can you tell me: Can you tell me: What are the long term consequences of breathing diesel exhaust?,Health Effects,tell tell long term consequence breathe diesel exhaust
Quick question: How do the body's mucociliary escalators filter out inhaled soot particles over weeks?,Pollution Exposure,quick question body mucociliary escalator filter inhale soot particle week
Can a 48-hour visit to a heavily polluted megacity cause measurable lung inflammation?,Pollution Exposure,48 hour visit heavily pollute megacity cause measurable lung inflammation
"Is it true that doctor, Should I wear an N95 mask while riding on an open auto-rickshaw or scooter?",Masks and Protection,true doctor wear n95 mask rid open auto rickshaw scooter
What does an AQI of 110 mean?,AQI Information,aqi 110 mean
How does air pollution affect lung capacity and forced expiratory volume?,Respiratory Health,air pollution affect lung capacity force expiratory volume
Why are senior citizens with emphysema at critical risk during smog inversions?,Vulnerable Groups,senior citizen emphysema critical risk smog inversion
How does diesel particulate matter induce airway hyperresponsiveness?,Respiratory Health,diesel particulate matter induce airway hyperresponsiveness
Are seniors with congestive heart failure at risk of hospitalization in smog?,Vulnerable Groups,senior congestive heart failure risk hospitalization smog
Why is proper nose wire adjustment crucial for N95 mask performance?,Masks and Protection,proper nose wire adjustment crucial n95 mask performance
What are the carcinogenic compounds found in urban particulate matter?,Health Effects,carcinogenic compound find urban particulate matter
Should marathons and road cycling events be held during poor air quality?,Outdoor Activities,marathon road cycle event hold poor air quality
Please explain: Should air quality monitors be calibrated regularly for accurate indoor tracking?,Precautions,please explain air quality monitor calibrate regularly accurate indoor track
Why do my nasal passages burn when I breathe in heavy smog?,Symptoms,nasal passage burn breathe heavy smog
Please explain: Can breathing toxic smog cause chronic bronchitis and constant phlegm?,Respiratory Health,please explain breathe toxic smog cause chronic bronchitis constant phlegm
"Doctor, What precautions should be observed when working in outdoor warehouses in smog?",Precautions,doctor precaution observe work outdoor warehouse smog
How does air pollution reduce forced expiratory volume FEV1 in lung tests?,Respiratory Health,air pollution reduce force expiratory volume fev1 lung test
Explain what AQI 110 indicates.,AQI Information,explain aqi 110 indicate
"Doctor, How does dirty air affect cholesterol levels and arterial plaque?",Health Effects,doctor dirty air affect cholesterol level arterial plaque
Can long term exposure to city air cause adult-onset bronchial asthma?,Respiratory Health,long term exposure city air cause adult onset bronchial asthma
What happens to the lung parenchyma after surviving a catastrophic industrial smog event?,Pollution Exposure,happen lung parenchyma survive catastrophic industrial smog event
How can parents safeguard nursery rooms from outdoor vehicular exhaust?,Precautions,parent safeguard nursery room outdoor vehicular exhaust
"I want to know, I want to know, How can residents living downwind of factories protect their indoor air?",Precautions,want know want know resident live downwind factory protect indoor air
What are the target limits for annual PM2.5 exposure set by WHO?,AQI Information,target limit annual pm25 exposure set
How does air pollution affect patients with chronic liver cirrhosis?,Vulnerable Groups,air pollution affect patient chronic liver cirrhosis
"I want to know, Hey AQI-Sense, Quick question: How does diesel particulate matter induce genotoxicity and DNA breaks?",Health Effects,want know hey aqi sense quick question diesel particulate matter induce genotoxicity dna break
How can I create a safe clean-air shelter inside my apartment?,Precautions,create safe clean air shelter inside apartment
How does diesel soot induce airway hyperresponsiveness and mucus hypersecretion?,Respiratory Health,diesel soot induce airway hyperresponsiveness mucus hypersecretion
How does indoor exposure to second-hand smoke multiply outdoor pollution risks?,Pollution Exposure,indoor exposure second hand smoke multiply outdoor pollution risk
"Hey AQI-Sense, Can poor air quality cause sinus headaches and facial pressure?",Symptoms,hey aqi sense poor air quality cause sinus headache facial pressure
Why does inhaling cold polluted air make my chest feel tight?,Symptoms,inhale cold pollute air make chest feel tight
What are the best precautions to take when AQI exceeds 200?,Precautions,best precaution take aqi exceed 200
What precautions should construction sites take to prevent dust spread?,Precautions,precaution construction sit take prevent dust spread
Could you explain if can you tell me: Can cumulative exposure to agricultural stubble smoke cause irreversible harm?,Pollution Exposure,could explain tell cumulative exposure agricultural stubble smoke cause irreversible harm
Is it advisable to use a wet mop instead of dry sweeping during high AQI?,Precautions,advisable use wet mop instead dry sweep high aqi
Where can I find official government real-time AQI readings?,AQI Information,find official government real time aqi reading
Quick question: How many cigarettes equivalent is breathing air with an AQI of 200 for 24 hours?,Pollution Exposure,quick question many cigarette equivalent breathe air aqi 200 24 hour
"Hey AQI-Sense, How does breathing resistance compare between N95 and N99 respirators?",Masks and Protection,hey aqi sense breathe resistance compare n95 n99 respirator
Can an N95 mask be safely reused after wearing it in heavy pollution?,Masks and Protection,n95 mask safely reuse wear heavy pollution
How should disposable respirators be inspected for physical damage before wearing?,Masks and Protection,disposable respirator inspect physical damage wear
How does distance from a major arterial road affect particulate concentration gradients?,Pollution Exposure,distance major arterial road affect particulate concentration gradient
What organs are most vulnerable to toxic air pollution?,Health Effects,organ vulnerable toxic air pollution
Can particulate pollution cause inflammation of the bronchial tubes?,Respiratory Health,particulate pollution cause inflammation bronchial tube
Should outdoor street festivals and concerts be cancelled in severe smog?,Outdoor Activities,outdoor street festival concert cancel severe smog
"Why does breathing urban smog make lung secretions thick, sticky, and dark?",Respiratory Health,breathe urban smog make lung secretion thick sticky dark
Could you explain if quick question: Can air pollution cause behavioral issues or ADHD symptoms in children?,Vulnerable Groups,could explain quick question air pollution cause behavioral issue adhd symptom child
Quick question: What special measures should neonatal care units take for air quality?,Vulnerable Groups,quick question special measure neonatal care unit take air quality
Can children have outdoor birthday parties when AQI is 165?,Outdoor Activities,child outdoor birthday party aqi 165
Why do I wake up with a congested nose and sore throat every smoggy morning?,Symptoms,wake congest nose sore throat every smoggy morning
Should outdoor construction and heavy manual labor be halted at AQI 110?,Outdoor Activities,outdoor construction heavy manual labor halt aqi 110
"I want to know, Quick question: Why do my lips crack and sting when particulate levels are elevated?",Symptoms,want know quick question lip crack sting particulate level elevate
What mask should traffic police personnel wear during peak hour duties?,Masks and Protection,mask traffic police personnel wear peak hour duty
What does AQI 175 mean for outdoor workers?,AQI Information,aqi 175 mean outdoor worker
Can you tell me: What does a maroon air quality alert signify?,AQI Information,tell maroon air quality alert signify
How does seasonal exposure during winter smog spikes impact long term health metrics?,Pollution Exposure,seasonal exposure winter smog spike impact long term health metric
Where can citizens access official governmental air monitoring data?,AQI Information,citizen access official governmental air monitor data
Why does wind speed dramatically impact AQI values?,AQI Information,wind speed dramatically impact aqi value
Why do I get a pounding frontal headache after commuting in traffic?,Symptoms,get pound frontal headache commute traffic
"I want to know, Why does the smoggy air make me feel suffocated and anxious?",Symptoms,want know smoggy air make feel suffocate anxious
When is the AQI high enough to warrant wearing a respirator outdoors?,Masks and Protection,aqi high enough warrant wear respirator outdoors
Can athletes train outdoors during moderate air quality conditions?,Outdoor Activities,athlete train outdoors moderate air quality condition
What does a orange air quality alert signify?,AQI Information,orange air quality alert signify
"I have had a throbbing headache since the smog arrived, is this normal?",Symptoms,throb headache since smog arrive normal
Please explain: What are the best precautions to take when AQI exceeds 200?,Precautions,please explain best precaution take aqi exceed 200
Can I go for a morning run or jog when the AQI is 170?,Outdoor Activities,go morning run jog aqi 170
Are school-age children more likely to miss school due to smog episodes?,Vulnerable Groups,school age child likely miss school due smog episode
What does AQI level 380 mean for daily life?,AQI Information,aqi level 380 mean daily life
What are the long term consequences of breathing diesel exhaust?,Health Effects,long term consequence breathe diesel exhaust
Are people with chronic kidney disease sensitive to particulate pollution?,Vulnerable Groups,people chronic kidney disease sensitive particulate pollution
What emergency supplies should households keep during wildfire smoke events?,Precautions,emergency supply household keep wildfire smoke event
Is it true that how does cumulative inhalation of polycyclic aromatic hydrocarbons increase cancer risk?,Pollution Exposure,true cumulative inhalation polycyclic aromatic hydrocarbon increase cancer risk
Why do my eyes swell and itch after being in outdoor smog?,Symptoms,eye swell itch outdoor smog
"I want to know, Can air pollution increase systemic oxidative stress markers?",Health Effects,want know air pollution increase systemic oxidative stress marker
Is it true that can bad air quality cause chronic fatigue and sleep disturbances?,Health Effects,true bad air quality cause chronic fatigue sleep disturbance
What are the cumulative health risks of living within 300 meters of a heavy highway?,Pollution Exposure,cumulative health risk live within 300 meter heavy highway
Is it safe to cycle to work when air quality is classified as Moderate?,Outdoor Activities,safe cycle work air quality classify moderate
Quick question: Could you explain if quick question: What are the best precautions to take when AQI exceeds 200?,Precautions,quick question could explain quick question best precaution take aqi exceed 200
Can acute particulate exposure during pregnancy alter placental vascular architecture?,Pollution Exposure,acute particulate exposure pregnancy alter placental vascular architecture
What does an orange air quality flag mean for schools?,AQI Information,orange air quality flag mean school
Quick question: Why do I experience nausea and stomach discomfort in dense smog?,Symptoms,quick question experience nausea stomach discomfort dense smog
Quick question: How many cigarettes equivalent is breathing air with an AQI of 140 for 24 hours?,Pollution Exposure,quick question many cigarette equivalent breathe air aqi 140 24 hour
Is it true that can the human body detoxify or eliminate inhaled ultrafine particulate matter?,Pollution Exposure,true human body detoxify eliminate inhale ultrafine particulate matter
Does particulate matter affect liver fat accumulation and NAFLD?,Health Effects,particulate matter affect liver fat accumulation nafld
What does AQI category 'Very Unhealthy' indicate for public health?,AQI Information,aqi category unhealthy indicate public health
Quick question: Why are informal outdoor day-laborers classified as a high-vulnerability group?,Vulnerable Groups,quick question informal outdoor day laborer classify high vulnerability group
How many cigarettes equivalent is breathing air with an AQI of 200 for 24 hours?,Pollution Exposure,many cigarette equivalent breathe air aqi 200 24 hour
Can I go for a morning run or jog when the AQI is 275?,Outdoor Activities,go morning run jog aqi 275
How does continuous exposure to indoor cooking smoke compound outdoor pollution exposure?,Pollution Exposure,continuous exposure indoor cook smoke compound outdoor pollution exposure
Can the human body detoxify or eliminate inhaled ultrafine particulate matter?,Pollution Exposure,human body detoxify eliminate inhale ultrafine particulate matter
Can I walk my dog outside for an hour when the air quality is 300?,Outdoor Activities,walk dog outside hour air quality 300
Can pollution cause a persistent dry tickle in the throat?,Symptoms,pollution cause persistent dry tickle throat
How does air pollution impact metabolic syndrome and cholesterol?,Health Effects,air pollution impact metabolic syndrome cholesterol
Is outdoor swimming safe when the air quality is classified as unhealthy?,Outdoor Activities,outdoor swim safe air quality classify unhealthy
Should I run my home air conditioner on recirculation mode during smog?,Precautions,run home air conditioner recirculation mode smog
"I want to know, Can you tell me: Quick question: Why do my lips crack and sting when particulate levels are elevated?",Symptoms,want know tell quick question lip crack sting particulate level elevate
Please explain: Could you explain if what is the cellular mechanism by which ozone inflames the pulmonary airway?,Respiratory Health,please explain could explain cellular mechanism ozone inflame pulmonary airway
How does living near a coal-fired power plant affect cumulative particulate intake?,Pollution Exposure,live near coal fire power plant affect cumulative particulate intake
Does heavy smog exposure increase the risk of ischemic stroke?,Health Effects,heavy smog exposure increase risk ischemic stroke
Is morning brisk walking safe for seniors when the air looks hazy?,Outdoor Activities,morning brisk walk safe senior air look hazy
Could you explain if can prenatal exposure to heavy air pollution impact infant brain development?,Vulnerable Groups,could explain prenatal exposure heavy air pollution impact infant brain development
"Doctor, I want to know, How does smog affect the human cardiovascular system?",Health Effects,doctor want know smog affect human cardiovascular system
"I want to know, Doctor, What certifications should I look for when buying an anti-pollution mask?",Masks and Protection,want know doctor certification look buy anti pollution mask
What does an AQI of 170 mean?,AQI Information,aqi 170 mean
Why are diabetic patients at higher risk of cardiovascular events during smog?,Vulnerable Groups,diabetic patient higher risk cardiovascular event smog
Why do my ears feel blocked and pressurized on polluted days?,Symptoms,ear feel block pressurize pollute day
What does an AQI of 125 mean?,AQI Information,aqi 125 mean
How is nitrogen dioxide measured in the air pollution index?,AQI Information,nitrogen dioxide measure air pollution index
How does inhaling fine particulate matter affect the bloodstream?,Health Effects,inhale fine particulate matter affect bloodstream
Can sports training masks filter particulate air pollution?,Masks and Protection,sport train mask filter particulate air pollution
Can fine particulate matter cause post-nasal drip and throat clearing?,Symptoms,fine particulate matter cause post nasal drip throat clear
Do full-face respirators provide eye protection along with lung protection?,Masks and Protection,full face respirator provide eye protection along lung protection
Can air pollution increase the risk of preterm birth or low birth weight?,Vulnerable Groups,air pollution increase risk preterm birth low birth weight
Please explain: What are the occupational health standards for outdoor laborers during red alerts?,Pollution Exposure,please explain occupational health standard outdoor laborer red alert
Can I do calisthenics in an open-air park when the AQI is 110?,Outdoor Activities,calisthenics open air park aqi 110
Can personal HEPA air purifiers significantly reduce cumulative 24-hour PM2.5 exposure?,Pollution Exposure,personal hepa air purifier significantly reduce cumulative 24 hour pm25 exposure
Is it advisable to use a humidifier when air pollution is dry and dusty?,Precautions,advisable use humidifier air pollution dry dusty
"Doctor, Why does smog lead to excessive bronchial mucus production and airway plugging?",Respiratory Health,doctor smog lead excessive bronchial mucus production airway plug
How can we create a clean room with filtered air at home?,Precautions,create clean room filter air home
How do lungs filter out inhaled soot and carbon particles over time?,Pollution Exposure,lung filter inhale soot carbon particle time
Is it safe to do rowing or kayaking on open water in hazy air?,Outdoor Activities,safe row kayak open water hazy air
Can smog trigger allergic rhinitis flare ups and watery eyes?,Symptoms,smog trigger allergic rhinitis flare up watery eye
What diet and hydration tips help the body handle air pollution?,Precautions,diet hydration tip help body handle air pollution
Is it true that what safety protocols should municipal sweepers follow when sweeping dry dusty roads?,Pollution Exposure,true safety protocol municipal sweeper follow sweep dry dusty road
What should I do immediately upon returning home from a polluted street?,Precautions,immediately upon return home pollute street
Quick question: Should air quality monitors be calibrated regularly for accurate indoor tracking?,Precautions,quick question air quality monitor calibrate regularly accurate indoor track
What special precautions should maternity wards take regarding air filtration?,Vulnerable Groups,special precaution maternity ward take regard air filtration
Why are patients with cystic fibrosis highly vulnerable to particulate matter?,Vulnerable Groups,patient cystic fibrosis highly vulnerable particulate matter
"Can high AQI cause throat irritation, soreness, and coughing?",Symptoms,high aqi cause throat irritation soreness cough
What precautions should public transit authorities enforce during smog crises?,Precautions,precaution public transit authority enforce smog crisis
"Hey AQI-Sense, What special precautions should maternity wards take regarding air filtration?",Vulnerable Groups,hey aqi sense special precaution maternity ward take regard air filtration
Can long term exposure to toxic air cause pulmonary heart disease?,Health Effects,long term exposure toxic air cause pulmonary heart disease
Please explain: Can sports training masks filter particulate air pollution?,Masks and Protection,please explain sport train mask filter particulate air pollution
Please explain: Can air pollution cause severe throat tickling and dry hacking cough?,Symptoms,please explain air pollution cause severe throat tickle dry hack cough
Should outdoor construction and heavy manual labor be halted at AQI 320?,Outdoor Activities,outdoor construction heavy manual labor halt aqi 320
Could you explain if does an N100 mask provide 99.97% filtration against particulate matter?,Masks and Protection,could explain n100 mask provide 99 97 filtration particulate matter
Can acute exposure to burning plastic waste cause chemical tracheitis?,Pollution Exposure,acute exposure burn plastic waste cause chemical tracheitis
"Doctor, Can you tell me: What are the epigenetic changes caused by chronic smog exposure?",Health Effects,doctor tell epigenetic change cause chronic smog exposure
"Hey AQI-Sense, How does high AQI impact pregnant women and fetal development?",Vulnerable Groups,hey aqi sense high aqi impact pregnant woman fetal development
Quick question: Can poor air quality cause nocturnal asthma attacks and nighttime coughing?,Respiratory Health,quick question poor air quality cause nocturnal asthma attack nighttime cough
"Hey AQI-Sense, What biomarkers of oxidative stress are elevated after acute exposure to city traffic smog?",Pollution Exposure,hey aqi sense biomarkers oxidative stress elevate acute exposure city traffic smog
Quick question: Why does breathing dirty air give me an upset stomach or nausea?,Symptoms,quick question breathe dirty air give upset stomach nausea
Can industrial emissions cause long term organ dysfunction?,Health Effects,industrial emission cause long term organ dysfunction
Does an N100 mask provide 99.97% filtration against particulate matter?,Masks and Protection,n100 mask provide 99 97 filtration particulate matter
Could you explain if why do COPD patients experience acute exacerbations during high AQI spikes?,Respiratory Health,could explain copd patient experience acute exacerbation high aqi spike
How does proximity to port shipping terminals elevate sulfur and diesel particle exposure?,Pollution Exposure,proximity port ship terminal elevate sulfur diesel particle exposure
"I want to know, How does smog affect the human cardiovascular system?",Health Effects,want know smog affect human cardiovascular system
Why do I experience throat dryness even after drinking water in smog?,Symptoms,experience throat dryness even drink water smog
What formula converts pollutant concentrations to sub-indices?,AQI Information,formula convert pollutant concentration sub index
Is there evidence linking air pollution to Parkinson's disease?,Health Effects,evidence link air pollution parkinson disease
Can breathing dirty air cause a dry metallic taste in the mouth?,Symptoms,breathe dirty air cause dry metallic taste mouth
Can fine particulate matter induce oxidative damage in pulmonary endothelial cells?,Respiratory Health,fine particulate matter induce oxidative damage pulmonary endothelial cell
Can facial hair or beards prevent an N95 mask from sealing properly?,Masks and Protection,facial hair beard prevent n95 mask seal properly
"Doctor, Quick question: Can air pollution cause behavioral issues or ADHD symptoms in children?",Vulnerable Groups,doctor quick question air pollution cause behavioral issue adhd symptom child
Please explain: Do cloth masks with PM2.5 carbon filter inserts provide adequate protection?,Masks and Protection,please explain cloth mask pm25 carbon filter insert provide adequate protection
How often should replacement filter cartridges be changed in reusable masks?,Masks and Protection,often replacement filter cartridge change reusable mask
"Hey AQI-Sense, How does living downwind of a coal-fired power station affect annual PM2.5 dose?",Pollution Exposure,hey aqi sense live downwind coal fire power station affect annual pm25 dose
Why do my eyes feel gritty and sandy during high particulate alerts?,Symptoms,eye feel gritty sandy high particulate alert
Can you tell me: How does long term air pollution impact overall human health?,Health Effects,tell long term air pollution impact overall human health
Please explain: Should I change clothes and wash my face after spending hours in smog?,Precautions,please explain change clothe wash face spend hour smog
Why do I feel chest tightness and burning after walking in smog?,Symptoms,feel chest tightness burn walk smog
Why do I feel like I cannot get a full satisfying breath of air?,Symptoms,feel like get full satisfy breath air
Can you tell me: Quick question: Can breathing dirty air cause a dry metallic taste in the mouth?,Symptoms,tell quick question breathe dirty air cause dry metallic taste mouth
What are the health risks for traffic police officers exposed to exhaust daily?,Pollution Exposure,health risk traffic police officer expose exhaust daily
Can air pollution increase susceptibility to bacterial and viral pneumonia?,Respiratory Health,air pollution increase susceptibility bacterial viral pneumonia
Can I walk my dog outside for an hour when the air quality is 140?,Outdoor Activities,walk dog outside hour air quality 140
"Hey AQI-Sense, What does a purple air quality alert signify?",AQI Information,hey aqi sense purple air quality alert signify
"I want to know, Doctor, Should we avoid burning candles or incense indoors when outdoor air is bad?",Precautions,want know doctor avoid burn candle incense indoors outdoor air bad
Can children play in the backyard playground when the AQI is 215?,Outdoor Activities,child play backyard playground aqi 215
Can drinking more water and green tea help counter pollution effects?,Precautions,drink water green tea help counter pollution effect
Is it true that why do I feel nervous and anxious when breathing suffocating smog?,Symptoms,true feel nervous anxious breathe suffocate smog
Is it safe to air out the house in the afternoon when AQI is high?,Precautions,safe air house afternoon aqi high
"Is it true that can air pollution cause sudden dizziness, nausea, and lightheadedness?",Symptoms,true air pollution cause sudden dizziness nausea lightheadedness
How should drivers seal car vents when driving through polluted tunnels?,Precautions,driver seal car vent drive pollute tunnel
Can air pollution cause burning sensations in the nose and airways?,Symptoms,air pollution cause burn sensation nose airway
Does air pollution alter the human gut microbiome?,Health Effects,air pollution alter human gut microbiome
What are the systemic effects of toxic air on internal organs?,Health Effects,systemic effect toxic air internal organ
Do masks with exhalation valves filter the incoming air properly?,Masks and Protection,mask exhalation valve filter incoming air properly
"I want to know, How should an N95 respirator be stored between daily uses?",Masks and Protection,want know n95 respirator store daily use
Can wearing two cloth masks match the filtration efficiency of an N95?,Masks and Protection,wear two cloth mask match filtration efficiency n95
How does smog affect the respiratory systems of premature babies?,Vulnerable Groups,smog affect respiratory system premature baby
Could you explain if can poor air quality cause nocturnal asthma attacks and nighttime coughing?,Respiratory Health,could explain poor air quality cause nocturnal asthma attack nighttime cough
Should outdoor construction and heavy manual labor be halted at AQI 230?,Outdoor Activities,outdoor construction heavy manual labor halt aqi 230
What type of air purifier filter is best for trapping PM2.5?,Precautions,type air purifier filter best trap pm25
Explain what AQI 350 indicates.,AQI Information,explain aqi 350 indicate
What steps should workers take when commuting through severe pollution?,Precautions,step worker take commute severe pollution
Is it safe to cycle to work when air quality is classified as Unhealthy?,Outdoor Activities,safe cycle work air quality classify unhealthy
What is the difference between particulate filtering and gas filtration?,Masks and Protection,difference particulate filter gas filtration
"Doctor, What precautions should be taken when cooking to avoid adding to indoor PM2.5?",Precautions,doctor precaution take cook avoid add indoor pm25
"I want to know, Doctor, What is the difference between FFP2 and N95 mask standards?",Masks and Protection,want know doctor difference ffp2 n95 mask standard
"Can air pollution cause bloodshot, irritated eyes and blurry vision?",Symptoms,air pollution cause bloodshot irritate eye blurry vision
Can AQI exceed 500 in extreme pollution events?,AQI Information,aqi exceed 500 extreme pollution event
How does exposure to polycyclic aromatic hydrocarbons harm cells?,Health Effects,exposure polycyclic aromatic hydrocarbon harm cell
Should gyms close outdoor ventilation dampers during hazardous air days?,Precautions,gym close outdoor ventilation damper hazardous air day
What precautions should nursing mothers take during heavy air pollution?,Vulnerable Groups,precaution nurse mother take heavy air pollution
Does air pollution affect telomere length and biological aging?,Health Effects,air pollution affect telomere length biological age
Could you explain if why does pollution cause increased sputum and mucus production in the lungs?,Respiratory Health,could explain pollution cause increase sputum mucus production lung
Can ambient air pollution trigger pleural inflammation or pleurisy?,Respiratory Health,ambient air pollution trigger pleural inflammation pleurisy
Quick question: What organs are most vulnerable to toxic air pollution?,Health Effects,quick question organ vulnerable toxic air pollution
"Doctor, How does chronic smog exposure affect psychological well-being?",Health Effects,doctor chronic smog exposure affect psychological well
Can fireworks cause a temporary AQI spike over 500?,AQI Information,firework cause temporary aqi spike 500
How does urban smog impact bone mineral density and osteoporosis?,Health Effects,urban smog impact bone mineral density osteoporosis
Why are outdoor day-laborers classified as a high-risk demographic?,Vulnerable Groups,outdoor day laborer classify high risk demographic
How should an N95 respirator be stored between daily uses?,Masks and Protection,n95 respirator store daily use
Can construction workers continue outdoor welding and digging in smog?,Outdoor Activities,construction worker continue outdoor weld dig smog
Can heavy dust cause persistent throat tickles and coughing paroxysms?,Symptoms,heavy dust cause persistent throat tickle cough paroxysm
Can wearable personal air sensors accurately measure an individual's daily exposure dose?,Pollution Exposure,wearable personal air sensor accurately measure individual daily exposure dose
Could you explain if should children wear specialized smaller sized N95 respirators?,Masks and Protection,could explain child wear specialize smaller size n95 respirator
At what AQI level should all outdoor cardio and gym workouts stop?,Outdoor Activities,aqi level outdoor cardio gym workout stop
"Hey AQI-Sense, Why do I feel lightheaded after riding my scooter in heavy traffic?",Symptoms,hey aqi sense feel lightheaded rid scooter heavy traffic
Why do I feel profound lethargy and brain fog during severe pollution?,Symptoms,feel profound lethargy brain fog severe pollution
"I want to know, Can exposure to vehicle exhaust cause immediate nausea and gagging?",Symptoms,want know exposure vehicle exhaust cause immediate nausea gag
Quick question: Why do my lips crack and sting when particulate levels are elevated?,Symptoms,quick question lip crack sting particulate level elevate
"I want to know, Quick question: Can breathing dirty air cause a dry metallic taste in the mouth?",Symptoms,want know quick question breathe dirty air cause dry metallic taste mouth
"Could you explain if doctor, Can dirty air cause long term chronic bronchitis and persistent wheezing?",Respiratory Health,could explain doctor dirty air cause long term chronic bronchitis persistent wheeze
Please explain: Why do people with allergic rhinitis suffer so much during smog season?,Respiratory Health,please explain people allergic rhinitis suffer much smog season
Why do children breathe more air per pound of body weight than adults?,Vulnerable Groups,child breathe air per pound body weight adult
What special measures should neonatal care units take for air quality?,Vulnerable Groups,special measure neonatal care unit take air quality
Why do patients with chronic kidney disease need extra protection from smog?,Vulnerable Groups,patient chronic kidney disease need extra protection smog
Can fine dust inhalation affect the endocrine system?,Health Effects,fine dust inhalation affect endocrine system
How often should HEPA filters be vacuumed or replaced in high pollution?,Precautions,often hepa filter vacuum replace high pollution
"Hey AQI-Sense, Can you tell me: Can air pollution affect the developing lungs of young children permanently?",Vulnerable Groups,hey aqi sense tell air pollution affect develop lung young child permanently
Can I exercise outdoors in the evening if the AQI is 230?,Outdoor Activities,exercise outdoors even aqi 230
Can children play in the backyard playground when the AQI is 410?,Outdoor Activities,child play backyard playground aqi 410
"Hey AQI-Sense, Hey AQI-Sense, What biomarkers of oxidative stress are elevated after acute exposure to city traffic smog?",Pollution Exposure,hey aqi sense hey aqi sense biomarkers oxidative stress elevate acute exposure city traffic smog
What does a purple air quality alert signify?,AQI Information,purple air quality alert signify
Please explain: At what AQI level is it strongly recommended to wear an N95 respirator?,Masks and Protection,please explain aqi level strongly recommend wear n95 respirator
Why are cancer patients undergoing chemotherapy considered a vulnerable group?,Vulnerable Groups,cancer patient undergo chemotherapy consider vulnerable group
What precautions should be taken when cooking to avoid adding to indoor PM2.5?,Precautions,precaution take cook avoid add indoor pm25
How often should home air purifier filters be replaced during smog season?,Precautions,often home air purifier filter replace smog season
Could you explain if how does diesel soot induce airway hyperresponsiveness and mucus hypersecretion?,Respiratory Health,could explain diesel soot induce airway hyperresponsiveness mucus hypersecretion
Are washable cloth masks with PM2.5 filter inserts effective?,Masks and Protection,washable cloth mask pm25 filter insert effective
"Can bad air cause a raw, scratchy feeling in the back of the throat?",Symptoms,bad air cause raw scratchy feel back throat
What biological markers indicate recent heavy exposure to vehicle emissions?,Pollution Exposure,biological marker indicate recent heavy exposure vehicle emission
Can fine dust cause persistent phlegm and morning coughing fits?,Symptoms,fine dust cause persistent phlegm morning cough fit
Please explain: What happens to the circulatory system during a severe smog episode?,Health Effects,please explain happen circulatory system severe smog episode
Explain what AQI 380 indicates.,AQI Information,explain aqi 380 indicate
"I want to know, How does wildfire smoke affect elderly patients in assisted living facilities?",Vulnerable Groups,want know wildfire smoke affect elderly patient assist live facility
Can I walk my dog outside for an hour when the air quality is 410?,Outdoor Activities,walk dog outside hour air quality 410
Should school sports days be rescheduled due to poor air quality?,Outdoor Activities,school sport day reschedule due poor air quality
Why does breathing dirty air give me an upset stomach or nausea?,Symptoms,breathe dirty air give upset stomach nausea
Can you tell me: Quick question: Why do my lips crack and sting when particulate levels are elevated?,Symptoms,tell quick question lip crack sting particulate level elevate
Is it true that why are informal outdoor day-laborers classified as a high-vulnerability group?,Vulnerable Groups,true informal outdoor day laborer classify high vulnerability group
Can high AQI cause sudden chest heaviness and coughing spells?,Symptoms,high aqi cause sudden chest heaviness cough spell
Why do my lungs feel heavy and irritated after outdoor exposure?,Symptoms,lung feel heavy irritate outdoor exposure
Could you explain if what respirator should traffic wardens wear during peak congestion?,Masks and Protection,could explain respirator traffic warden wear peak congestion
How does mouth breathing during hard exercise bypass nasal filtration?,Outdoor Activities,mouth breathe hard exercise bypass nasal filtration
Why does cold winter air combined with smog cause severe bronchial spasms?,Respiratory Health,cold winter air combine smog cause severe bronchial spasm
How do personal commute habits change daily cumulative air pollution exposure?,Pollution Exposure,personal commute habit change daily cumulative air pollution exposure
What scale is used to measure air quality index?,AQI Information,scale use measure air quality index
Can you tell me: What are the target limits for annual PM2.5 exposure set by WHO?,AQI Information,tell target limit annual pm25 exposure set
Could you explain if how do personal commute habits change daily cumulative air pollution exposure?,Pollution Exposure,could explain personal commute habit change daily cumulative air pollution exposure
Can I cycle to work on my bicycle when the air quality is unhealthy?,Outdoor Activities,cycle work bicycle air quality unhealthy
Why do COPD patients experience acute exacerbations during high AQI spikes?,Respiratory Health,copd patient experience acute exacerbation high aqi spike
Can I take my toddler for a stroller walk when the AQI is 200?,Outdoor Activities,take toddler stroller walk aqi 200
"Hey AQI-Sense, Quick question: How does diesel particulate matter induce genotoxicity and DNA breaks?",Health Effects,hey aqi sense quick question diesel particulate matter induce genotoxicity dna break
How many cigarettes equivalent is breathing air with an AQI of 320 for 24 hours?,Pollution Exposure,many cigarette equivalent breathe air aqi 320 24 hour
Can I do light yoga in the park when the AQI is 275?,Outdoor Activities,light yoga park aqi 275
"Could you explain if i want to know, How does wildfire smoke affect elderly patients in assisted living facilities?",Vulnerable Groups,could explain want know wildfire smoke affect elderly patient assist live facility
How many hours can an N95 mask be worn before the filter degrades?,Masks and Protection,many hour n95 mask wear filter degrade
Quick question: What is the difference between European CAQI and US EPA AQI?,AQI Information,quick question difference european caqi u epa aqi
Why does my voice sound hoarse and raspy after being outside?,Symptoms,voice sound hoarse raspy outside
Can severe smog exposure cause acute respiratory distress syndrome ARDS?,Respiratory Health,severe smog exposure cause acute respiratory distress syndrome ards
Can air pollution cause atherosclerosis or clogged blood vessels?,Health Effects,air pollution cause atherosclerosis clog blood vessel
Is it true that does air pollution worsen pulmonary outcomes in patients with bronchiectasis?,Respiratory Health,true air pollution worsen pulmonary outcome patient bronchiectasis
How can I improve indoor air quality during heavy outdoor smog?,Precautions,improve indoor air quality heavy outdoor smog
Can environmental pollution increase the risk of idiopathic pulmonary fibrosis?,Respiratory Health,environmental pollution increase risk idiopathic pulmonary fibrosis
Could you explain if explain what AQI 350 indicates?,AQI Information,could explain explain aqi 350 indicate
Is it safe to go swimming in an outdoor pool on high pollution days?,Outdoor Activities,safe go swim outdoor pool high pollution day
Can you tell me: Can air pollution affect the developing lungs of young children permanently?,Vulnerable Groups,tell air pollution affect develop lung young child permanently
Is it true that why is air pollution considered a major global health hazard?,Health Effects,true air pollution consider major global health hazard
Can amateur cyclists do long weekend group rides in winter smog?,Outdoor Activities,amateur cyclist long weekend group rid winter smog
"I want to know, What are the multi-organ consequences of severe environmental smog?",Health Effects,want know multi organ consequence severe environmental smog
Can particulate matter cause conjunctival redness and watering?,Symptoms,particulate matter cause conjunctival redness water
"Doctor, How does air pollution reduce forced expiratory volume FEV1 in lung tests?",Respiratory Health,doctor air pollution reduce force expiratory volume fev1 lung test
"Doctor, Why do people with allergic rhinitis suffer so much during smog season?",Respiratory Health,doctor people allergic rhinitis suffer much smog season
Do masks with carbon filters protect against noxious gases and exhaust?,Masks and Protection,mask carbon filter protect noxious gas exhaust
Please explain: What precautions should restaurants take with outdoor patio seating during smog?,Precautions,please explain precaution restaurant take outdoor patio seat smog
Should youth sports leagues cancel games when air quality is Hazardous?,Outdoor Activities,youth sport league cancel game air quality hazardous
Can you tell me: Could you explain if why do COPD patients experience acute exacerbations during high AQI spikes?,Respiratory Health,tell could explain copd patient experience acute exacerbation high aqi spike
Why do pulmonologists advise doubling preventer inhalers during pollution crises?,Respiratory Health,pulmonologists advise double preventer inhaler pollution crisis
"Can smog cause skin irritation, itching, and redness?",Symptoms,smog cause skin irritation itch redness
Can you tell me: Could you explain if what is the rate of lung clearance for insoluble diesel exhaust particles?,Pollution Exposure,tell could explain rate lung clearance insoluble diesel exhaust particle
Can I take elderly relatives for a walk in the botanical garden in smog?,Outdoor Activities,take elderly relative walk botanical garden smog
Can I do calisthenics in an open-air park when the AQI is 230?,Outdoor Activities,calisthenics open air park aqi 230
"I want to know, Quick question: Could you explain if quick question: What are the best precautions to take when AQI exceeds 200?",Precautions,want know quick question could explain quick question best precaution take aqi exceed 200
Can air pollution trigger lupus or rheumatoid arthritis flare-ups?,Vulnerable Groups,air pollution trigger lupus rheumatoid arthritis flare up
What certifications should I look for when buying an anti-pollution mask?,Masks and Protection,certification look buy anti pollution mask
"Please explain: Can air pollution cause sudden dizziness, nausea, and lightheadedness?",Symptoms,please explain air pollution cause sudden dizziness nausea lightheadedness
"Could you explain if doctor, What diet and hydration tips help the body handle air pollution?",Precautions,could explain doctor diet hydration tip help body handle air pollution
Is it true that why does winter temperature inversion cause severe bronchial spasms?,Respiratory Health,true winter temperature inversion cause severe bronchial spasm
Can bad air cause sharp stinging sensations in the trachea?,Symptoms,bad air cause sharp sting sensation trachea
"Doctor, Can poor air quality cause wheezing sounds when exhaling?",Symptoms,doctor poor air quality cause wheeze sound exhale
Should school recess and physical education classes be held outside today?,Outdoor Activities,school recess physical education class hold outside today
"Hey AQI-Sense, Why are roadside vendors and traffic police considered an occupational vulnerable group?",Vulnerable Groups,hey aqi sense roadside vendor traffic police consider occupational vulnerable group
"I want to know, Why do my contact lenses hurt when particulate levels are elevated?",Symptoms,want know contact lens hurt particulate level elevate
What is the difference between primary and secondary particulate pollutants?,AQI Information,difference primary secondary particulate pollutant
What does it mean when the air quality index says 'Unhealthy for All'?,AQI Information,mean air quality index say unhealthy
Could you explain if can long term exposure to toxic air cause pulmonary heart disease?,Health Effects,could explain long term exposure toxic air cause pulmonary heart disease
Quick question: What special precautions should nursing mothers take in severe pollution?,Vulnerable Groups,quick question special precaution nurse mother take severe pollution
"Doctor, How is nitrogen dioxide measured in the air pollution index?",AQI Information,doctor nitrogen dioxide measure air pollution index
Why do my lips crack and sting when particulate levels are elevated?,Symptoms,lip crack sting particulate level elevate
What is the safe daily threshold limit for cumulative PM2.5 inhalation?,Pollution Exposure,safe daily threshold limit cumulative pm25 inhalation
Can you tell me: Can chronic smog exposure permanently stunt lung development in children?,Vulnerable Groups,tell chronic smog exposure permanently stunt lung development child
What are the health consequences of working as an open-air delivery courier in high AQI?,Pollution Exposure,health consequence work open air delivery courier high aqi
"Hey AQI-Sense, Can environmental pollution increase the risk of idiopathic pulmonary fibrosis?",Respiratory Health,hey aqi sense environmental pollution increase risk idiopathic pulmonary fibrosis
Please explain: Can the human body ever fully purge ultrafine nanoparticles that enter the bloodstream?,Pollution Exposure,please explain human body ever fully purge ultrafine nanoparticles enter bloodstream
How should I protect my pets from high outdoor air pollution?,Precautions,protect pet high outdoor air pollution
What does AQI 310 mean?,AQI Information,aqi 310 mean
Does AQI measure carbon monoxide and sulfur dioxide as well?,AQI Information,aqi measure carbon monoxide sulfur dioxide well
Why do older adults experience blunted autonomic responses to air pollutants?,Vulnerable Groups,older adult experience blunt autonomic response air pollutant
Quick question: Can air pollution cause long term hyperreactivity of the vagal sensory nerves in the lungs?,Respiratory Health,quick question air pollution cause long term hyperreactivity vagal sensory nerve lung
Is it true that how can residents living downwind of factories protect their indoor air?,Precautions,true resident live downwind factory protect indoor air
Please explain: Why are people with hypertension more vulnerable during pollution crises?,Vulnerable Groups,please explain people hypertension vulnerable pollution crisis
Can outdoor gardeners and landscapers work safely in Very Unhealthy air?,Outdoor Activities,outdoor gardener landscaper work safely unhealthy air
Why are certified N95 masks tested with 0.3 micron sodium chloride aerosols?,Masks and Protection,certify n95 mask test micron sodium chloride aerosol
"Should we avoid lighting candles, incense sticks, or fireplaces indoors?",Precautions,avoid light candle incense stick fireplace indoors
Why do I feel fatigued and exhausted even after eight hours of sleep in smog?,Symptoms,feel fatigue exhaust even eight hour sleep smog
How does ozone exposure interact with airborne pollen to worsen allergies?,Respiratory Health,ozone exposure interact airborne pollen worsen allergy
Can smog cause skin flushing and facial irritation?,Symptoms,smog cause skin flush facial irritation
What resources are available for vulnerable groups to track sensitive air alerts?,Vulnerable Groups,resource available vulnerable group track sensitive air alert
Is it effective to use the recirculation mode in car air conditioning?,Precautions,effective use recirculation mode car air condition
Is an AQI of 85 good or bad?,AQI Information,aqi 85 good bad
Why does air quality index differ between different monitoring apps?,AQI Information,air quality index differ different monitor apps
"Hey AQI-Sense, What are the cumulative health risks of living within 300 meters of a heavy highway?",Pollution Exposure,hey aqi sense cumulative health risk live within 300 meter heavy highway
How many hours of use is an N95 mask rated for in heavy pollution?,Masks and Protection,many hour use n95 mask rat heavy pollution
Can I take my toddler for a stroller walk when the AQI is 170?,Outdoor Activities,take toddler stroller walk aqi 170
Please explain: How should disposable respirators be inspected for physical damage before wearing?,Masks and Protection,please explain disposable respirator inspect physical damage wear
Are people with autoimmune disorders more sensitive to particulate matter?,Vulnerable Groups,people autoimmune disorder sensitive particulate matter
Is it true that can regular surgical masks or cloth bandanas protect against smog?,Masks and Protection,true regular surgical mask cloth bandana protect smog
Should we avoid burning candles or incense indoors when outdoor air is bad?,Precautions,avoid burn candle incense indoors outdoor air bad
"Hey AQI-Sense, What should you do if your indoor AQI monitor shows elevated PM2.5?",Precautions,hey aqi sense indoor aqi monitor show elevate pm25
Could you explain if does air pollution cause cellular oxidative stress and damage?,Health Effects,could explain air pollution cause cellular oxidative stress damage
Can I exercise outdoors in the evening if the AQI is 55?,Outdoor Activities,exercise outdoors even aqi 55
Can two surgical masks worn together equal the filtration of an N95?,Masks and Protection,two surgical mask wear together equal filtration n95
Should outdoor tennis matches and cricket practices be cancelled today?,Outdoor Activities,outdoor tennis match cricket practice cancel today
Can diesel exhaust exposure cause airway remodeling and subepithelial fibrosis?,Respiratory Health,diesel exhaust exposure cause airway remodel subepithelial fibrosis
What does AQI level 155 mean for daily life?,AQI Information,aqi level 155 mean daily life
Is it safe to play outdoor football or soccer when air quality is Hazardous?,Outdoor Activities,safe play outdoor football soccer air quality hazardous
What does AQI level 170 mean for daily life?,AQI Information,aqi level 170 mean daily life
What is the maximum safe AQI level for vigorous cardio and marathon training?,Outdoor Activities,maximum safe aqi level vigorous cardio marathon train
Can polluted air cause microvascular damage in internal organs?,Health Effects,pollute air cause microvascular damage internal organ
What does a green AQI indicator mean?,AQI Information,green aqi indicator mean
Why do children inhale more air pollution per kilogram of body weight?,Vulnerable Groups,child inhale air pollution per kilogram body weight
What happens when you spend an entire day outdoors during a hazardous smog episode?,Pollution Exposure,happen spend entire day outdoors hazardous smog episode
Can smog cause a tight band feeling around my forehead?,Symptoms,smog cause tight band feel around forehead
How does an N99 respirator compare to an N95 mask in toxic smog?,Masks and Protection,n99 respirator compare n95 mask toxic smog
Should youth sports leagues cancel games when air quality is Unhealthy?,Outdoor Activities,youth sport league cancel game air quality unhealthy
Can acute exposure to industrial chemical fumes cause permanent respiratory disability?,Pollution Exposure,acute exposure industrial chemical fume cause permanent respiratory disability
Why do asthmatics require higher doses of inhaled corticosteroids in smog?,Respiratory Health,asthmatic require higher dose inhale corticosteroid smog
"I want to know, Does an N95 mask effectively filter out PM2.5 air pollution particles?",Masks and Protection,want know n95 mask effectively filter pm25 air pollution particle
What are the occupational health guidelines for outdoor workers during smog emergencies?,Pollution Exposure,occupational health guideline outdoor worker smog emergency
Can I do calisthenics in an open-air park when the AQI is 170?,Outdoor Activities,calisthenics open air park aqi 170
Should I wear an N95 mask while riding on an open auto-rickshaw or scooter?,Masks and Protection,wear n95 mask rid open auto rickshaw scooter
Can I exercise outdoors in the evening if the AQI is 185?,Outdoor Activities,exercise outdoors even aqi 185
What is the safe daily threshold limit for cumulative PM2.5 exposure?,Pollution Exposure,safe daily threshold limit cumulative pm25 exposure
Should I keep the windows tightly shut all day when AQI is 250?,Precautions,keep window tightly shut day aqi 250
Do industrial dust masks protect against chemical smog and nitrogen dioxide?,Masks and Protection,industrial dust mask protect chemical smog nitrogen dioxide
"I want to know, Why do COPD patients experience acute exacerbations during high AQI spikes?",Respiratory Health,want know copd patient experience acute exacerbation high aqi spike
"Quick question: Hey AQI-Sense, I want to know, Can living in a polluted city shorten human life expectancy?",Health Effects,quick question hey aqi sense want know live pollute city shorten human life expectancy
What precautions should be observed when working in outdoor warehouses in smog?,Precautions,precaution observe work outdoor warehouse smog
Could you explain if can air pollution trigger acute migraine attacks with light sensitivity?,Symptoms,could explain air pollution trigger acute migraine attack light sensitivity
Please explain: How does air pollution impact heart rate variability?,Health Effects,please explain air pollution impact heart rate variability
What is the cumulative toxic load of living in a city with annual average AQI over 150?,Pollution Exposure,cumulative toxic load live city annual average aqi 150
"Doctor, Should we avoid burning candles or incense indoors when outdoor air is bad?",Precautions,doctor avoid burn candle incense indoors outdoor air bad
What does AQI 240 mean?,AQI Information,aqi 240 mean
Is an AQI of 165 dangerous?,AQI Information,aqi 165 dangerous
Can wearing a respirator make breathing feel warm and restricted?,Masks and Protection,wear respirator make breathe feel warm restrict
Can exposure to vehicle exhaust cause immediate nausea and gagging?,Symptoms,exposure vehicle exhaust cause immediate nausea gag
Could you explain if what is the cellular mechanism by which ozone inflames the pulmonary airway?,Respiratory Health,could explain cellular mechanism ozone inflame pulmonary airway
What protective lifestyle measures help reduce overall exposure to particulates?,Precautions,protective lifestyle measure help reduce overall exposure particulate
"Hey AQI-Sense, How can schools protect indoor classrooms from outside toxic air?",Precautions,hey aqi sense school protect indoor classroom outside toxic air
Is it true that how can people with beards achieve an effective seal with an N95 mask?,Masks and Protection,true people beard achieve effective seal n95 mask
"Doctor, What special precautions should pediatric daycare centers enforce for air quality?",Vulnerable Groups,doctor special precaution pediatric daycare center enforce air quality
Does air pollution weaken the human immune system?,Health Effects,air pollution weaken human immune system
Is it true that how does ambient particulate matter affect spirometry measurements in clinic?,Respiratory Health,true ambient particulate matter affect spirometry measurement clinic
What is the difference between European CAQI and US EPA AQI?,AQI Information,difference european caqi u epa aqi
Could you explain if how does cumulative particulate exposure over 15 years affect mortality risk?,Pollution Exposure,could explain cumulative particulate exposure 15 year affect mortality risk
Could you explain if can you tell me: Can you tell me: How deeply do fine particulate matter particles penetrate into lung alveoli?,Respiratory Health,could explain tell tell deeply fine particulate matter particle penetrate lung alveolus
Can you tell me: How does exposure to burning biomass compare to vehicle emissions in toxicity?,Pollution Exposure,tell exposure burn biomass compare vehicle emission toxicity
How does toxic smog impact the delicate respiratory tracts of premature infants?,Vulnerable Groups,toxic smog impact delicate respiratory tract premature infant
"Can you tell me: Hey AQI-Sense, Can you tell me: What precautions should restaurants take with outdoor patio seating during smog?",Precautions,tell hey aqi sense tell precaution restaurant take outdoor patio seat smog
How many cigarettes is breathing air with an AQI of 250 for 24 hours equivalent to?,Pollution Exposure,many cigarette breathe air aqi 250 24 hour equivalent
Can poor air quality exacerbate symptoms in Alzheimer's disease patients?,Vulnerable Groups,poor air quality exacerbate symptom alzheimer disease patient
Can dampening a cloth mask improve its ability to stop fine particulate dust?,Masks and Protection,dampen cloth mask improve ability stop fine particulate dust
Can air pollution cause ear canal irritation and fullness?,Symptoms,air pollution cause ear canal irritation fullness
Can you tell me: Can acute smoke inhalation lead to chemical pneumonitis and pulmonary edema?,Respiratory Health,tell acute smoke inhalation lead chemical pneumonitis pulmonary edema
How can we reduce indoor dust accumulation during high AQI weeks?,Precautions,reduce indoor dust accumulation high aqi week
Please explain: Can heavy smog lead to acute coronary syndromes?,Health Effects,please explain heavy smog lead acute coronary syndrome
"Can smog cause itchy skin, hives, or eczema breakouts?",Symptoms,smog cause itchy skin hive eczema breakout
What does a Code Red air quality action day mean?,AQI Information,code red air quality action day mean
Can poor air quality cause nasal congestion and sinus pressure?,Symptoms,poor air quality cause nasal congestion sinus pressure
How does cumulative particulate exposure over 15 years affect mortality risk?,Pollution Exposure,cumulative particulate exposure 15 year affect mortality risk
How do international air quality standards compare with WHO air guidelines?,AQI Information,international air quality standard compare air guideline
Why do I sneeze repeatedly as soon as I open the window during smog?,Symptoms,sneeze repeatedly soon open window smog
What does AQI category 'Unhealthy' indicate for public health?,AQI Information,aqi category unhealthy indicate public health
How does air pollution impact children with congenital heart conditions?,Vulnerable Groups,air pollution impact child congenital heart condition
What does an AQI of 380 mean?,AQI Information,aqi 380 mean
Why do standard paper dust masks fail to protect against vehicle emissions?,Masks and Protection,standard paper dust mask fail protect vehicle emission
How does air pollution contribute to ischemic heart disease?,Health Effects,air pollution contribute ischemic heart disease
"I want to know, What is the National Ambient Air Quality Standard?",AQI Information,want know national ambient air quality standard
Can fine particulate matter cause alveolar macrophage dysfunction?,Respiratory Health,fine particulate matter cause alveolar macrophage dysfunction
How does lifetime residence in a polluted industrial zone accelerate biological aging?,Pollution Exposure,lifetime residence pollute industrial zone accelerate biological age
Do anti-pollution masks protect against ozone and sulfur dioxide gas?,Masks and Protection,anti pollution mask protect ozone sulfur dioxide gas
What does AQI level 275 mean for daily life?,AQI Information,aqi level 275 mean daily life
Could you explain if why do I feel breathless after doing simple household chores during high AQI?,Symptoms,could explain feel breathless simple household chore high aqi
Could you explain if is it true that do simple cloth face coverings provide any defense against air pollution?,Masks and Protection,could explain true simple cloth face covering provide defense air pollution
Can I do calisthenics in an open-air park when the AQI is 320?,Outdoor Activities,calisthenics open air park aqi 320
Are children with childhood asthma at greater risk during smog events?,Vulnerable Groups,child childhood asthma greater risk smog event
How can I protect my eyes from pollution when I must go outdoors?,Precautions,protect eye pollution must go outdoors
What happens to human lungs after 8 hours of continuous exposure to toxic smog?,Pollution Exposure,happen human lung hour continuous exposure toxic smog
Why do respiratory allergy sufferers have severe histamine release in smog?,Respiratory Health,respiratory allergy sufferer severe histamine release smog
What is the cellular mechanism by which ozone inflames the pulmonary airway?,Respiratory Health,cellular mechanism ozone inflame pulmonary airway
Can I walk my dog outside for an hour when the air quality is 380?,Outdoor Activities,walk dog outside hour air quality 380
How do I clean and store my reusable particulate respirator mask?,Masks and Protection,clean store reusable particulate respirator mask
Can you tell me: Is it recommended to run a HEPA air purifier on hazardous pollution days?,Precautions,tell recommend run hepa air purifier hazardous pollution day
Can a surgical mask protect against vehicle exhaust and smog?,Masks and Protection,surgical mask protect vehicle exhaust smog
Can air pollution cause an uncontrollable urge to clear my throat?,Symptoms,air pollution cause uncontrollable urge clear throat
Are there special pediatric N95 masks designed for children's smaller faces?,Masks and Protection,special pediatric n95 mask design child smaller face
Can you tell me: What are the occupational health standards for outdoor laborers during red alerts?,Pollution Exposure,tell occupational health standard outdoor laborer red alert
Why does my chest feel constricted when I step outside into the haze?,Symptoms,chest feel constrict step outside haze
How does cumulative inhalation of polycyclic aromatic hydrocarbons increase cancer risk?,Pollution Exposure,cumulative inhalation polycyclic aromatic hydrocarbon increase cancer risk
"Hey AQI-Sense, Can maternal exposure to PM2.5 increase the incidence of childhood leukemia?",Vulnerable Groups,hey aqi sense maternal exposure pm25 increase incidence childhood leukemia
Should air quality monitors be calibrated regularly for accurate indoor tracking?,Precautions,air quality monitor calibrate regularly accurate indoor track
Can pregnant women safely wear N95 respirators for short errands?,Masks and Protection,pregnant woman safely wear n95 respirator short errand
Can I exercise outdoors in the evening if the AQI is 275?,Outdoor Activities,exercise outdoors even aqi 275
What happens to the human body after 8 hours of continuous exposure to toxic air?,Pollution Exposure,happen human body hour continuous exposure toxic air
Does an N95 mask protect against PM2.5 fine particulate matter?,Masks and Protection,n95 mask protect pm25 fine particulate matter
Does an N95 mask effectively filter out PM2.5 air pollution particles?,Masks and Protection,n95 mask effectively filter pm25 air pollution particle
Explain what AQI 90 indicates.,AQI Information,explain aqi 90 indicate
Is saline nasal irrigation effective for removing inhaled particulate matter?,Precautions,saline nasal irrigation effective remove inhale particulate matter
Should outdoor construction and heavy manual labor be halted at AQI 185?,Outdoor Activities,outdoor construction heavy manual labor halt aqi 185
What pollutants are measured to determine the overall AQI?,AQI Information,pollutant measure determine overall aqi
Can you tell me: Why do children inhale more air pollution per kilogram of body weight?,Vulnerable Groups,tell child inhale air pollution per kilogram body weight
Should youth sports leagues cancel games when air quality is Unhealthy for Sensitive Groups?,Outdoor Activities,youth sport league cancel game air quality unhealthy sensitive group
Why do I feel a metallic taste in my mouth when air quality is hazardous?,Symptoms,feel metallic taste mouth air quality hazardous
Can air pollution increase the risk of heart attacks and stroke?,Health Effects,air pollution increase risk heart attack stroke
Why do my eyes sting and tear up when I walk outside in smog?,Symptoms,eye sting tear walk outside smog
How does occupational exposure to construction dust compare to city smog?,Pollution Exposure,occupational exposure construction dust compare city smog
Should outdoor construction and heavy manual labor be halted at AQI 90?,Outdoor Activities,outdoor construction heavy manual labor halt aqi 90
Why do my sinuses ache when air pollution levels rise?,Symptoms,sinus ache air pollution level rise
Could you explain if what is the safe daily threshold limit for cumulative PM2.5 exposure?,Pollution Exposure,could explain safe daily threshold limit cumulative pm25 exposure
"I want to know, Doctor, Why do people with allergic rhinitis suffer so much during smog season?",Respiratory Health,want know doctor people allergic rhinitis suffer much smog season
Quick question: Are patients recovering from recent cardiac surgery vulnerable to air pollution?,Vulnerable Groups,quick question patient recover recent cardiac surgery vulnerable air pollution
Can a single weekend in a polluted megacity cause detectable lung inflammation?,Pollution Exposure,single weekend pollute megacity cause detectable lung inflammation
"Hey AQI-Sense, How many cigarettes equivalent is breathing air with an AQI of 75 for 24 hours?",Pollution Exposure,hey aqi sense many cigarette equivalent breathe air aqi 75 24 hour
Can you tell me: What preventive measures are recommended during agricultural stubble burning?,Precautions,tell preventive measure recommend agricultural stubble burn
Should outdoor construction and heavy manual labor be halted at AQI 75?,Outdoor Activities,outdoor construction heavy manual labor halt aqi 75
Can chronic air pollution increase all-cause mortality rates?,Health Effects,chronic air pollution increase cause mortality rat
Why does vigorous exercise increase pollutant deposition deep in the lungs?,Outdoor Activities,vigorous exercise increase pollutant deposition deep lung
Please explain: Should I keep all windows and doors closed when air pollution is severe?,Precautions,please explain keep window door close air pollution severe
What is the National Ambient Air Quality Standard?,AQI Information,national ambient air quality standard
"Could you explain if i have had a throbbing headache since the smog arrived, is this normal?",Symptoms,could explain throb headache since smog arrive normal
Is steam inhalation helpful for clearing nasal passages irritated by smog?,Precautions,steam inhalation helpful clear nasal passage irritate smog
Is it true that what organs are most vulnerable to toxic air pollution?,Health Effects,true organ vulnerable toxic air pollution
Can I do light yoga in the park when the AQI is 185?,Outdoor Activities,light yoga park aqi 185
Can I jog outdoors if the AQI is 210?,Outdoor Activities,jog outdoors aqi 210
"Quick question: Quick question: Hey AQI-Sense, Why do standard paper dust masks fail to protect against vehicle emissions?",Masks and Protection,quick question quick question hey aqi sense standard paper dust mask fail protect vehicle emission
Can bad air quality cause chronic fatigue and sleep disturbances?,Health Effects,bad air quality cause chronic fatigue sleep disturbance
What is the difference between peak acute pollution exposure and chronic baseline exposure?,Pollution Exposure,difference peak acute pollution exposure chronic baseline exposure
How does poor air quality affect individuals with pre-existing heart disease?,Vulnerable Groups,poor air quality affect individual pre exist heart disease
Should youth sports tournaments be postponed during poor air quality alerts?,Outdoor Activities,youth sport tournament postpone poor air quality alert
Is it true that at what AQI level is it strongly recommended to wear an N95 respirator?,Masks and Protection,true aqi level strongly recommend wear n95 respirator
Do cloth masks offer any protection whatsoever against fine particulate matter?,Masks and Protection,cloth mask offer protection whatsoever fine particulate matter
Quick question: Should I keep the windows tightly shut all day when AQI is 250?,Precautions,quick question keep window tightly shut day aqi 250
Does urban pollution accelerate cardiovascular morbidity?,Health Effects,urban pollution accelerate cardiovascular morbidity
Please explain: Why is PM2.5 given so much weight in the AQI calculation?,AQI Information,please explain pm25 give much weight aqi calculation
Can I exercise outdoors in the evening when the smog settles?,Outdoor Activities,exercise outdoors even smog settle
Is an AQI of 215 considered safe or dangerous?,AQI Information,aqi 215 consider safe dangerous
Can air pollution exposure during pregnancy cause maternal gestational diabetes?,Vulnerable Groups,air pollution exposure pregnancy cause maternal gestational diabetes
Is it true that what diet and hydration tips help the body handle air pollution?,Precautions,true diet hydration tip help body handle air pollution
Can using exhaust fans in the kitchen help prevent indoor air buildup?,Precautions,use exhaust fan kitchen help prevent indoor air buildup
How does pollution affect oxygen saturation in the arterial blood?,Health Effects,pollution affect oxygen saturation arterial blood
"Doctor, How does urban smog impact bone mineral density and osteoporosis?",Health Effects,doctor urban smog impact bone mineral density osteoporosis
Can air pollution cause swollen glands or tender throat tissues?,Symptoms,air pollution cause swell gland tender throat tissue
"I want to know, How do occupational hygienists calculate time-weighted average exposure to respirable dust?",Pollution Exposure,want know occupational hygienist calculate time weight average exposure respirable dust
"Is it true that doctor, Are seniors with congestive heart failure at risk of hospitalization in smog?",Vulnerable Groups,true doctor senior congestive heart failure risk hospitalization smog
"Can air pollution cause sudden dizziness, nausea, and lightheadedness?",Symptoms,air pollution cause sudden dizziness nausea lightheadedness
What does hazardous air quality mean according to the index?,AQI Information,hazardous air quality mean accord index
Can I go for a morning run or jog when the AQI is 320?,Outdoor Activities,go morning run jog aqi 320
Quick question: Is it true that can you tell me: What is the difference between particulate filtering and gas filtration?,Masks and Protection,quick question true tell difference particulate filter gas filtration
How does high AQI impact pregnant women and fetal development?,Vulnerable Groups,high aqi impact pregnant woman fetal development
Should youth sports leagues cancel games when air quality is Very Unhealthy?,Outdoor Activities,youth sport league cancel game air quality unhealthy
Can I exercise outdoors in the evening if the AQI is 380?,Outdoor Activities,exercise outdoors even aqi 380
"I want to know, Please explain: Can the human body ever fully purge ultrafine nanoparticles that enter the bloodstream?",Pollution Exposure,want know please explain human body ever fully purge ultrafine nanoparticles enter bloodstream
What are the occupational health standards for outdoor laborers during red alerts?,Pollution Exposure,occupational health standard outdoor laborer red alert
Why do my bronchial tubes ache after riding a bicycle in smog?,Symptoms,bronchial tube ache rid bicycle smog
What are the pulmonary recovery stages after acute exposure to hazardous smog?,Respiratory Health,pulmonary recovery stag acute exposure hazardous smog
"Doctor, Could you explain if can smog cause burning sensations throughout the upper respiratory tract?",Symptoms,doctor could explain smog cause burn sensation throughout upper respiratory tract
Could you explain if does air pollution contribute to systemic vascular inflammation?,Health Effects,could explain air pollution contribute systemic vascular inflammation
How does smoke exposure affect elderly patients in assisted living homes?,Vulnerable Groups,smoke exposure affect elderly patient assist live home
What is the average latency period between chronic pollution exposure and lung disease?,Pollution Exposure,average latency period chronic pollution exposure lung disease
Can high ozone levels cause sharp chest pains when taking a deep breath?,Symptoms,high ozone level cause sharp chest pain take deep breath
Why are cancer patients undergoing chemotherapy considered high-risk?,Vulnerable Groups,cancer patient undergo chemotherapy consider high risk
Why do asthmatics experience chest tightness within minutes of breathing smog?,Respiratory Health,asthmatic experience chest tightness within minute breathe smog
Please explain: Could you explain if quick question: What organs are most vulnerable to toxic air pollution?,Health Effects,please explain could explain quick question organ vulnerable toxic air pollution
What precautions should joggers take if they must run in moderate AQI?,Outdoor Activities,precaution jogger take must run moderate aqi
Should recreational parks be closed during severe air quality warnings?,Outdoor Activities,recreational park close severe air quality warning
What does AQI level 500 mean for daily life?,AQI Information,aqi level 500 mean daily life
How do meteorologists measure airborne particulate matter?,AQI Information,meteorologist measure airborne particulate matter
What is the best personal protective equipment for walking through toxic smog?,Masks and Protection,best personal protective equipment walk toxic smog
What are VOCs and do they get included in standard AQI reports?,AQI Information,vocs get include standard aqi report
How does wildfire smoke affect elderly patients in assisted living facilities?,Vulnerable Groups,wildfire smoke affect elderly patient assist live facility
"Can drinking hot water, herbal teas, or warm broths soothe pollution irritation?",Precautions,drink hot water herbal tea warm broth soothe pollution irritation
Is it safe to dry bedsheets and clothes outdoors when particulate levels are high?,Precautions,safe dry bedsheets clothe outdoors particulate level high
What advice exists for expectant mothers living in high AQI cities?,Vulnerable Groups,advice exist expectant mother live high aqi city
"Hey AQI-Sense, How do particulate filters trap sub-micron PM2.5 particles?",Masks and Protection,hey aqi sense particulate filter trap sub micron pm25 particle
Can I take my toddler for a stroller walk when the AQI is 90?,Outdoor Activities,take toddler stroller walk aqi 90
Is an AQI of 55 considered safe or dangerous?,AQI Information,aqi 55 consider safe dangerous
What is the difference between AQI and PM2.5 concentration?,AQI Information,difference aqi pm25 concentration
How does breathing resistance compare between N95 and N99 respirators?,Masks and Protection,breathe resistance compare n95 n99 respirator
How is the Air Quality Index calculated?,AQI Information,air quality index calculate
How can we prevent dust from entering through window AC unit gaps?,Precautions,prevent dust enter window ac unit gap
Is it safe to go hiking in forest trails when valley AQI is 200?,Outdoor Activities,safe go hike forest trail valley aqi 200
Does air pollution increase the incidence of respiratory syncytial virus RSV?,Respiratory Health,air pollution increase incidence respiratory syncytial virus rsv
Should I change clothes and wash my face after spending hours in smog?,Precautions,change clothe wash face spend hour smog
Is it true that why are senior citizens with emphysema at critical risk during smog inversions?,Vulnerable Groups,true senior citizen emphysema critical risk smog inversion
Can fine particulate matter impair alveolar macrophage phagocytic function?,Respiratory Health,fine particulate matter impair alveolar macrophage phagocytic function
"I want to know, Why do my nasal passages burn when I breathe in heavy smog?",Symptoms,want know nasal passage burn breathe heavy smog
Quick question: Can you tell me: How deeply do fine particulate matter particles penetrate into lung alveoli?,Respiratory Health,quick question tell deeply fine particulate matter particle penetrate lung alveolus
Can children play in the backyard playground when the AQI is 250?,Outdoor Activities,child play backyard playground aqi 250
Can I take my infant out in a stroller when the AQI is 150?,Outdoor Activities,take infant stroller aqi 150
What does AQI category 'Moderate' indicate for public health?,AQI Information,aqi category moderate indicate public health
Are children with childhood asthma at severe risk during air alerts?,Vulnerable Groups,child childhood asthma severe risk air alert
Quick question: Can reusable silicone respirators offer better comfort in tropical smog?,Masks and Protection,quick question reusable silicone respirator offer better comfort tropical smog
Explain what AQI 275 indicates.,AQI Information,explain aqi 275 indicate
Can air pollution cause severe throat tickling and dry hacking cough?,Symptoms,air pollution cause severe throat tickle dry hack cough
Should outdoor recreational facilities close during purple air alerts?,Outdoor Activities,outdoor recreational facility close purple air alert
Please explain: How does smog affect the human cardiovascular system?,Health Effects,please explain smog affect human cardiovascular system
Can you tell me: Can air pollution increase the risk of heart attacks and stroke?,Health Effects,tell air pollution increase risk heart attack stroke
How does air pollution impact heart rate variability?,Health Effects,air pollution impact heart rate variability
Is short-term acute exposure to severe AQI more harmful than chronic moderate exposure?,Pollution Exposure,short term acute exposure severe aqi harmful chronic moderate exposure
"I want to know, Can bad air cause sharp stinging sensations in the trachea?",Symptoms,want know bad air cause sharp sting sensation trachea
"Hey AQI-Sense, Can dust storms from deserts cause hazardous AQI without toxic chemicals?",AQI Information,hey aqi sense dust storm desert cause hazardous aqi without toxic chemical
Are elderly seniors at heightened risk during severe air pollution spikes?,Vulnerable Groups,elderly senior heighten risk severe air pollution spike
Can you tell me: How does traffic pollution affect vascular endothelial function?,Health Effects,tell traffic pollution affect vascular endothelial function
Could you explain if what is the rate of lung clearance for insoluble diesel exhaust particles?,Pollution Exposure,could explain rate lung clearance insoluble diesel exhaust particle
How is PM2.5 converted into an AQI number?,AQI Information,pm25 convert aqi number
Should I avoid vacuuming with non-HEPA vacuums during poor air quality?,Precautions,avoid vacuum non hepa vacuum poor air quality
Quick question: Are school-age children more likely to miss school due to smog episodes?,Vulnerable Groups,quick question school age child likely miss school due smog episode
Can people with respiratory illnesses wear valved N95 masks for easier exhalation?,Masks and Protection,people respiratory illness wear valved n95 mask easier exhalation
"Could you explain if doctor, Could you explain if can smog cause burning sensations throughout the upper respiratory tract?",Symptoms,could explain doctor could explain smog cause burn sensation throughout upper respiratory tract
Could you explain if how do I check if my KN95 mask is genuine or counterfeit?,Masks and Protection,could explain check kn95 mask genuine counterfeit
How do nitrogen oxides impair the ciliary clearance mechanism in airways?,Respiratory Health,nitrogen oxide impair ciliary clearance mechanism airway
Is it true that how can schools protect indoor classrooms from outside toxic air?,Precautions,true school protect indoor classroom outside toxic air
How can industrial facilities protect their on-site workers during air alerts?,Precautions,industrial facility protect site worker air alert
What is the rate of lung clearance for insoluble diesel exhaust particles?,Pollution Exposure,rate lung clearance insoluble diesel exhaust particle
Does toxic air contribute to peripheral artery disease?,Health Effects,toxic air contribute peripheral artery disease
Please explain: How can I minimize smoke leakage under doors during stubble burning?,Precautions,please explain minimize smoke leakage door stubble burn
Can acute exposure to hazardous ozone levels cause immediate decline in athletic stamina?,Pollution Exposure,acute exposure hazardous ozone level cause immediate decline athletic stamen
"Doctor, Quick question: Quick question: How can public transport riders minimize exposure to bus and truck exhaust?",Precautions,doctor quick question quick question public transport rider minimize exposure bus truck exhaust
Does ambient air pollution contribute to retinal microvascular changes?,Health Effects,ambient air pollution contribute retinal microvascular change
Quick question: How do public health researchers estimate lifetime exposure to ambient particulate matter?,Pollution Exposure,quick question public health researcher estimate lifetime exposure ambient particulate matter
Can I walk my dog outside for an hour when the air quality is 55?,Outdoor Activities,walk dog outside hour air quality 55
"Can you tell me: Hey AQI-Sense, Can environmental pollution increase the risk of idiopathic pulmonary fibrosis?",Respiratory Health,tell hey aqi sense environmental pollution increase risk idiopathic pulmonary fibrosis
Could you explain if how many cigarettes equivalent is breathing air with an AQI of 250 for 24 hours?,Pollution Exposure,could explain many cigarette equivalent breathe air aqi 250 24 hour
Is an AQI of 280 considered severe?,AQI Information,aqi 280 consider severe
Should children wear specialized smaller sized N95 respirators?,Masks and Protection,child wear specialize smaller size n95 respirator
Please explain: Why are cancer patients undergoing chemotherapy considered high-risk?,Vulnerable Groups,please explain cancer patient undergo chemotherapy consider high risk
Why do I feel lightheaded after riding my scooter in heavy traffic?,Symptoms,feel lightheaded rid scooter heavy traffic
Can bad outdoor air make contact lenses unwearable due to stinging?,Symptoms,bad outdoor air make contact lens unwearable due sting
How does occupational exposure to construction dust compare to ambient smog?,Pollution Exposure,occupational exposure construction dust compare ambient smog
"Doctor, Why do pediatric doctors advise parents to keep young kids inside on red alert days?",Vulnerable Groups,doctor pediatric doctor advise parent keep young kid inside red alert day
"Hey AQI-Sense, I want to know, Can living in a polluted city shorten human life expectancy?",Health Effects,hey aqi sense want know live pollute city shorten human life expectancy
Please explain: Can particulate matter accelerate cognitive decline in dementia patients?,Vulnerable Groups,please explain particulate matter accelerate cognitive decline dementia patient
Does air pollution worsen pulmonary outcomes in patients with bronchiectasis?,Respiratory Health,air pollution worsen pulmonary outcome patient bronchiectasis
Are school-age children more likely to develop allergic sensitization in smog?,Vulnerable Groups,school age child likely develop allergic sensitization smog
Can you tell me: Does an N95 mask protect against PM2.5 fine particulate matter?,Masks and Protection,tell n95 mask protect pm25 fine particulate matter
"I want to know, How does high AQI impact pregnant women and fetal development?",Vulnerable Groups,want know high aqi impact pregnant woman fetal development
"I want to know, What steps can apartment complexes take to filter common area air?",Precautions,want know step apartment complex take filter common area air
Can prenatal exposure to heavy air pollution impact infant brain development?,Vulnerable Groups,prenatal exposure heavy air pollution impact infant brain development
Can I go camping outdoors when regional AQI is elevated from wildfires?,Outdoor Activities,go camp outdoors regional aqi elevate wildfire
How much more particulate matter do you inhale while running vs resting?,Outdoor Activities,much particulate matter inhale run v rest
How does exposure to agricultural stubble burning smoke compare to urban traffic smog?,Pollution Exposure,exposure agricultural stubble burn smoke compare urban traffic smog
How can schools protect indoor classrooms from outside toxic air?,Precautions,school protect indoor classroom outside toxic air
"Hey AQI-Sense, Can you tell me: What precautions should restaurants take with outdoor patio seating during smog?",Precautions,hey aqi sense tell precaution restaurant take outdoor patio seat smog
"Hey AQI-Sense, Can fine particles enter brain tissue through the olfactory nerve?",Health Effects,hey aqi sense fine particle enter brain tissue olfactory nerve
Could you explain if quick question: What organs are most vulnerable to toxic air pollution?,Health Effects,could explain quick question organ vulnerable toxic air pollution
Can you tell me: Can particulate matter cause mast cell degranulation in the bronchial tree?,Respiratory Health,tell particulate matter cause mast cell degranulation bronchial tree
What diseases are directly attributable to poor outdoor air quality?,Health Effects,disease directly attributable poor outdoor air quality
Is an AQI of 275 considered safe or dangerous?,AQI Information,aqi 275 consider safe dangerous
Can breathing bad air trigger cardiac arrhythmias or irregular heartbeat?,Health Effects,breathe bad air trigger cardiac arrhythmia irregular heartbeat
Why are premature babies at heightened risk of respiratory distress from smoke?,Vulnerable Groups,premature baby heighten risk respiratory distress smoke
"Doctor, Why are cancer patients undergoing chemotherapy considered a vulnerable group?",Vulnerable Groups,doctor cancer patient undergo chemotherapy consider vulnerable group
"I want to know, Can carbon filter cloth masks stop toxic gases and nitrogen dioxide?",Masks and Protection,want know carbon filter cloth mask stop toxic gas nitrogen dioxide
Could you explain if what are the six air quality categories defined by the EPA?,AQI Information,could explain six air quality category define epa
Can breathing toxic smog cause reactive airway dysfunction syndrome?,Respiratory Health,breathe toxic smog cause reactive airway dysfunction syndrome
"Doctor, Quick question: Can poor air quality cause nasal congestion and sinus pressure?",Symptoms,doctor quick question poor air quality cause nasal congestion sinus pressure
Can I do calisthenics in an open-air park when the AQI is 300?,Outdoor Activities,calisthenics open air park aqi 300
Could you explain if quick question: What are the best precautions to take when AQI exceeds 200?,Precautions,could explain quick question best precaution take aqi exceed 200
Can breathing toxic smog cause chronic bronchitis and constant phlegm?,Respiratory Health,breathe toxic smog cause chronic bronchitis constant phlegm
Quick question: What are the best precautions to take when AQI exceeds 200?,Precautions,quick question best precaution take aqi exceed 200
Can I go for a morning run or jog when the AQI is 200?,Outdoor Activities,go morning run jog aqi 200
Why does the smoggy air make me feel suffocated and anxious?,Symptoms,smoggy air make feel suffocate anxious
Please explain: Is it true that why do I feel nervous and anxious when breathing suffocating smog?,Symptoms,please explain true feel nervous anxious breathe suffocate smog
What does AQI 50 signify?,AQI Information,aqi 50 signify
"I want to know, Can particulate matter cause conjunctival redness and watering?",Symptoms,want know particulate matter cause conjunctival redness water
What is the difference between peak acute exposure and baseline annual exposure?,Pollution Exposure,difference peak acute exposure baseline annual exposure
What should families do to minimize smoke entering their home?,Precautions,family minimize smoke enter home
Quick question: What advice exists for expectant mothers living in high AQI cities?,Vulnerable Groups,quick question advice exist expectant mother live high aqi city
How should home caregivers protect bedridden elderly adults during smog?,Vulnerable Groups,home caregiver protect bedridden elderly adult smog
Can outdoor dining and street food events continue safely during high AQI?,Outdoor Activities,outdoor din street food event continue safely high aqi
How should caregivers protect bedridden seniors during high AQI days?,Vulnerable Groups,caregiver protect bedridden senior high aqi day
How does bad air quality affect metabolic health in urban dwellers?,Health Effects,bad air quality affect metabolic health urban dweller
What steps can apartment complexes take to filter common area air?,Precautions,step apartment complex take filter common area air
"I want to know, What scale is used to measure air quality index?",AQI Information,want know scale use measure air quality index
Is it better to run on an indoor treadmill than running outside in smog?,Outdoor Activities,better run indoor treadmill run outside smog
Can you tell me: What precautions should restaurants take with outdoor patio seating during smog?,Precautions,tell precaution restaurant take outdoor patio seat smog
What does a green air quality alert signify?,AQI Information,green air quality alert signify
Could you explain if is it true that how does exposure to burning biomass compare to vehicle emissions in toxicity?,Pollution Exposure,could explain true exposure burn biomass compare vehicle emission toxicity
How does toxic smog exposure impact autonomic nervous regulation?,Health Effects,toxic smog exposure impact autonomic nervous regulation
Can maternal exposure to PM2.5 increase the incidence of childhood leukemia?,Vulnerable Groups,maternal exposure pm25 increase incidence childhood leukemia
"Doctor, Please explain: Can air pollution cause severe throat tickling and dry hacking cough?",Symptoms,doctor please explain air pollution cause severe throat tickle dry hack cough
Please explain: Can air pollution increase the risk of deep vein thrombosis?,Health Effects,please explain air pollution increase risk deep vein thrombosis
What does AQI level 55 mean for daily life?,AQI Information,aqi level 55 mean daily life
Quick question: What does an AQI of 185 mean?,AQI Information,quick question aqi 185 mean
Why do I have an irritating cough that only happens outdoors?,Symptoms,irritate cough happen outdoors
Is it safe to do outdoor gardening when the air quality index is 140?,Outdoor Activities,safe outdoor garden air quality index 140
Why do my temples throb after walking past busy road intersections?,Symptoms,temple throb walk past busy road intersection
Please explain: How does lifetime exposure to particulate matter compare to smoking a pack of cigarettes a day?,Pollution Exposure,please explain lifetime exposure particulate matter compare smoke pack cigarette day
How does air pollution affect elderly individuals with impaired mobility?,Vulnerable Groups,air pollution affect elderly individual impair mobility
How can communities prepare for seasonal winter air pollution crises?,Precautions,community prepare seasonal winter air pollution crisis
How does poor air quality affect organ transplant recipients on immunosuppressants?,Vulnerable Groups,poor air quality affect organ transplant recipient immunosuppressant
Could you explain if why do my eyes burn and water when air quality is bad?,Symptoms,could explain eye burn water air quality bad
What measures can prevent soot and particulate matter from entering apartments?,Precautions,measure prevent soot particulate matter enter apartment
How long does it take for the lungs to clear particulate matter after acute exposure?,Pollution Exposure,long take lung clear particulate matter acute exposure
Can breathing smog cause wheezing and a scratchy vocal cord?,Symptoms,breathe smog cause wheeze scratchy vocal cord
How can I seal my bedroom windows to prevent smog infiltration?,Precautions,seal bedroom window prevent smog infiltration
Can breathing heavy smoke cause transient hypertension?,Health Effects,breathe heavy smoke cause transient hypertension
How do laser particle counters measure PM2.5 and PM10?,AQI Information,laser particle counter measure pm25 pm10
"I want to know, Doctor, What measures can prevent soot and particulate matter from entering apartments?",Precautions,want know doctor measure prevent soot particulate matter enter apartment
How does smog affect the human cardiovascular system?,Health Effects,smog affect human cardiovascular system
Is it safe to play outdoor football or soccer when air is unhealthy?,Outdoor Activities,safe play outdoor football soccer air unhealthy
Why are informal outdoor day-laborers classified as a high-vulnerability group?,Vulnerable Groups,informal outdoor day laborer classify high vulnerability group
How does diesel particulate matter induce genotoxicity and DNA breaks?,Health Effects,diesel particulate matter induce genotoxicity dna break
What occurs when construction workers fail to use water misting and dust suppression?,Pollution Exposure,occur construction worker fail use water mist dust suppression
Quick question: What is the difference between FFP2 and N95 mask standards?,Masks and Protection,quick question difference ffp2 n95 mask standard
Can particulate matter trigger autoimmune flare-ups in lupus patients?,Health Effects,particulate matter trigger autoimmune flare up lupus patient
Can you tell me: Please explain: What precautions should be taken if living next to a high-traffic highway?,Precautions,tell please explain precaution take live next high traffic highway
How do alveolar macrophages process inhaled carbonaceous particulate matter?,Respiratory Health,alveolar macrophage process inhale carbonaceous particulate matter
Can exposure to toxic air increase infant mortality rates in polluted cities?,Vulnerable Groups,exposure toxic air increase infant mortality rat pollute city
How can public transport riders minimize exposure to bus and truck exhaust?,Precautions,public transport rider minimize exposure bus truck exhaust
What does AQI level 110 mean for daily life?,AQI Information,aqi level 110 mean daily life
Why do patients with bronchiectasis require extra airway clearance in bad air?,Respiratory Health,patient bronchiectasis require extra airway clearance bad air
How do activated carbon layers in respirators absorb odor and hydrocarbons?,Masks and Protection,activate carbon layer respirator absorb odor hydrocarbon
"Doctor, Should I wear an N95 mask while riding on an open auto-rickshaw or scooter?",Masks and Protection,doctor wear n95 mask rid open auto rickshaw scooter
Quick question: Can polluted air cause microvascular damage in internal organs?,Health Effects,quick question pollute air cause microvascular damage internal organ
Can fine particles enter the bloodstream through the lungs?,Health Effects,fine particle enter bloodstream lung
What are the epigenetic changes caused by chronic smog exposure?,Health Effects,epigenetic change cause chronic smog exposure
Is it true that how do satellite sensors measure aerosol optical depth for AQI?,AQI Information,true satellite sensor measure aerosol optical depth aqi
Could you explain if what are the occupational health standards for outdoor laborers during red alerts?,Pollution Exposure,could explain occupational health standard outdoor laborer red alert
Why do people with allergic rhinitis suffer so much during smog season?,Respiratory Health,people allergic rhinitis suffer much smog season
How does PM2.5 aggravate chronic obstructive pulmonary disease (COPD)?,Respiratory Health,pm25 aggravate chronic obstructive pulmonary disease copd
Can heavy metal aerosols in smog cause neurotoxic effects?,Health Effects,heavy metal aerosol smog cause neurotoxic effect
How do reference-grade air monitors differ from low-cost consumer sensors?,AQI Information,reference grade air monitor differ low cost consumer sensor
Please explain: Does a damp cloth over the mouth and nose block smoke particles?,Masks and Protection,please explain damp cloth mouth nose block smoke particle
What does AQI category 'Hazardous' indicate for public health?,AQI Information,aqi category hazardous indicate public health
Could you explain if how do lungs filter out inhaled soot and carbon particles over time?,Pollution Exposure,could explain lung filter inhale soot carbon particle time
Can carbon filter cloth masks stop toxic gases and nitrogen dioxide?,Masks and Protection,carbon filter cloth mask stop toxic gas nitrogen dioxide
Can I go rollerblading or skateboarding outdoors in high AQI?,Outdoor Activities,go rollerblade skateboard outdoors high aqi
Quick question: Can acute smoke inhalation lead to chemical pneumonitis and pulmonary edema?,Respiratory Health,quick question acute smoke inhalation lead chemical pneumonitis pulmonary edema
Can you tell me: How many cigarettes equivalent is breathing air with an AQI of 380 for 24 hours?,Pollution Exposure,tell many cigarette equivalent breathe air aqi 380 24 hour
Should I wash my eyes and face after coming indoors from heavy smog?,Precautions,wash eye face come indoors heavy smog
What precautions are essential during severe dust storms and sandstorms?,Precautions,precaution essential severe dust storm sandstorm
How do satellite sensors measure aerosol optical depth for AQI?,AQI Information,satellite sensor measure aerosol optical depth aqi
Please explain: What are the health consequences of working as an open-air delivery courier in high AQI?,Pollution Exposure,please explain health consequence work open air delivery courier high aqi
Can I take my toddler for a stroller walk when the AQI is 410?,Outdoor Activities,take toddler stroller walk aqi 410
Is it advisable to ride an open motorcycle in heavy city smog?,Outdoor Activities,advisable ride open motorcycle heavy city smog
"Doctor, Can acute smoke inhalation lead to chemical pneumonitis and pulmonary edema?",Respiratory Health,doctor acute smoke inhalation lead chemical pneumonitis pulmonary edema
Quick question: Can poor air quality cause nasal congestion and sinus pressure?,Symptoms,quick question poor air quality cause nasal congestion sinus pressure
"I want to know, How does poor air quality affect individuals with pre-existing heart disease?",Vulnerable Groups,want know poor air quality affect individual pre exist heart disease
"Doctor, Why do asthmatics need their rescue inhalers more frequently during smog?",Respiratory Health,doctor asthmatic need rescue inhaler frequently smog
Is it true that can air pollution cause ear canal irritation and fullness?,Symptoms,true air pollution cause ear canal irritation fullness
Can I do outdoor calisthenics or bodyweight workouts in the park today?,Outdoor Activities,outdoor calisthenics bodyweight workout park today
How can delivery couriers protect their health during hazardous AQI weeks?,Precautions,delivery courier protect health hazardous aqi week
Could you explain if can air pollution accelerate cognitive decline in middle-aged adults?,Health Effects,could explain air pollution accelerate cognitive decline middle age adult
Why are newborn babies and infants especially vulnerable to air pollution?,Vulnerable Groups,newborn baby infant especially vulnerable air pollution
Is it true that does air pollution cause systemic arterial stiffness?,Health Effects,true air pollution cause systemic arterial stiffness
What precautions should be taken if living next to a high-traffic highway?,Precautions,precaution take live next high traffic highway
"Hey AQI-Sense, Why do my lips feel chapped and dry in heavy air pollution?",Symptoms,hey aqi sense lip feel chap dry heavy air pollution
Are people recovering from recent surgeries more vulnerable to bad air?,Vulnerable Groups,people recover recent surgery vulnerable bad air
Can bad air cause chronic low-grade inflammation throughout the body?,Health Effects,bad air cause chronic low grade inflammation throughout body
Can AQI be low while ozone is dangerously high?,AQI Information,aqi low ozone dangerously high
"Doctor, I want to know, Please explain: Why do people with allergic rhinitis suffer so much during smog season?",Respiratory Health,doctor want know please explain people allergic rhinitis suffer much smog season
Are seniors living alone more susceptible to heat and smog episodes?,Vulnerable Groups,senior live alone susceptible heat smog episode
Why are people with hypertension more vulnerable during pollution crises?,Vulnerable Groups,people hypertension vulnerable pollution crisis
"Can you tell me: Doctor, Can air pollution cause long term hyperreactivity of the vagal sensory nerves in the lungs?",Respiratory Health,tell doctor air pollution cause long term hyperreactivity vagal sensory nerve lung
Are bandanas or scarves over the mouth effective in stopping PM2.5?,Masks and Protection,bandana scarf mouth effective stop pm25
Explain what AQI 410 indicates.,AQI Information,explain aqi 410 indicate
"Could you explain if i want to know, How does air pollution impact metabolic syndrome and cholesterol?",Health Effects,could explain want know air pollution impact metabolic syndrome cholesterol
How many cigarettes equivalent is breathing air with an AQI of 90 for 24 hours?,Pollution Exposure,many cigarette equivalent breathe air aqi 90 24 hour
Quick question: How does inhaling fine particulate matter affect the bloodstream?,Health Effects,quick question inhale fine particulate matter affect bloodstream
Could you explain if how does smoke exposure affect elderly patients in assisted living homes?,Vulnerable Groups,could explain smoke exposure affect elderly patient assist live home
Is it true that does an N100 mask provide 99.97% filtration against particulate matter?,Masks and Protection,true n100 mask provide 99 97 filtration particulate matter
"Is it true that can high AQI cause throat irritation, soreness, and coughing?",Symptoms,true high aqi cause throat irritation soreness cough
Can particulate pollution cause eosinophilic inflammation in the airways?,Respiratory Health,particulate pollution cause eosinophilic inflammation airway
What precautions should joggers take if they must run in AQI 130?,Outdoor Activities,precaution jogger take must run aqi 130
Can air pollution cause behavioral issues or ADHD symptoms in children?,Vulnerable Groups,air pollution cause behavioral issue adhd symptom child
Is it true that can you tell me: Can air pollution cause behavioral issues or ADHD symptoms in children?,Vulnerable Groups,true tell air pollution cause behavioral issue adhd symptom child
"Hey AQI-Sense, Quick question: What respiratory safety measures must road sweepers follow on dusty thoroughfares?",Pollution Exposure,hey aqi sense quick question respiratory safety measure must road sweeper follow dusty thoroughfare
How do nitrogen dioxide emissions damage respiratory cilia and clearance?,Respiratory Health,nitrogen dioxide emission damage respiratory cilium clearance
"Hey AQI-Sense, I want to know, What steps can apartment complexes take to filter common area air?",Precautions,hey aqi sense want know step apartment complex take filter common area air
Can air pollution cause irreversible scarring and fibrosis of lung parenchyma?,Respiratory Health,air pollution cause irreversible scar fibrosis lung parenchyma
"Doctor, Doctor, Why does fogging on eyeglasses indicate a poor respirator fit?",Masks and Protection,doctor doctor fog eyeglass indicate poor respirator fit
Is it safe to play outdoor basketball in the schoolyard today?,Outdoor Activities,safe play outdoor basketball schoolyard today
How does lifetime exposure to particulate matter compare to smoking a pack of cigarettes a day?,Pollution Exposure,lifetime exposure particulate matter compare smoke pack cigarette day
What precautions should restaurants take with outdoor patio seating during smog?,Precautions,precaution restaurant take outdoor patio seat smog
Quick question: Quick question: Why do I experience nausea and stomach discomfort in dense smog?,Symptoms,quick question quick question experience nausea stomach discomfort dense smog
Could you explain if why does air leak around the nose bridge of improperly fitted masks?,Masks and Protection,could explain air leak around nose bridge improperly fit mask
Is it safe to play outdoor football or soccer when air quality is Unhealthy?,Outdoor Activities,safe play outdoor football soccer air quality unhealthy
Please explain: Is it true that how does exposure to burning biomass compare to vehicle emissions in toxicity?,Pollution Exposure,please explain true exposure burn biomass compare vehicle emission toxicity
Is it safe to do outdoor yoga and deep breathing exercises in moderate air?,Outdoor Activities,safe outdoor yoga deep breathe exercise moderate air
Can you tell me: Why do I feel chest tightness and burning after walking in smog?,Symptoms,tell feel chest tightness burn walk smog
Could you explain if why do I get a pounding frontal headache after commuting in traffic?,Symptoms,could explain get pound frontal headache commute traffic
Could you explain if quick question: Why does the smoggy air make me feel suffocated and anxious?,Symptoms,could explain quick question smoggy air make feel suffocate anxious
Is an AQI of 300 considered safe or dangerous?,AQI Information,aqi 300 consider safe dangerous
How many cigarettes equivalent is breathing air with an AQI of 250 for 24 hours?,Pollution Exposure,many cigarette equivalent breathe air aqi 250 24 hour
Can you tell me: Quick question: Is it true that quick question: Are patients recovering from recent cardiac surgery vulnerable to air pollution?,Vulnerable Groups,tell quick question true quick question patient recover recent cardiac surgery vulnerable air pollution
"Doctor, What diet and hydration tips help the body handle air pollution?",Precautions,doctor diet hydration tip help body handle air pollution
Is it true that why are diabetic patients at higher risk of cardiovascular events during smog?,Vulnerable Groups,true diabetic patient higher risk cardiovascular event smog
What is the best type of protective mask for cycling in polluted traffic?,Masks and Protection,best type protective mask cycle pollute traffic
What does severe AQI above 400 mean for the general population?,AQI Information,severe aqi 400 mean general population
"Doctor, Please explain: Why does inhaling cold polluted air make my chest feel tight?",Symptoms,doctor please explain inhale cold pollute air make chest feel tight
Do surgical masks leak air heavily through the sides during inhalation?,Masks and Protection,surgical mask leak air heavily side inhalation
Are PM2.5 activated carbon filters washable or disposable?,Masks and Protection,pm25 activate carbon filter washable disposable
"Doctor, Can chronic smog exposure permanently stunt lung development in children?",Vulnerable Groups,doctor chronic smog exposure permanently stunt lung development child
What does a maroon air quality alert signify?,AQI Information,maroon air quality alert signify
Could you explain if please explain: Why are people with hypertension more vulnerable during pollution crises?,Vulnerable Groups,could explain please explain people hypertension vulnerable pollution crisis
How does cumulative lifetime exposure in polluted cities affect lung function decline?,Pollution Exposure,cumulative lifetime exposure pollute city affect lung function decline
Can I go for a morning run or jog when the AQI is 250?,Outdoor Activities,go morning run jog aqi 250
What emergency precautions should be taken during wildfire smoke events?,Precautions,emergency precaution take wildfire smoke event
"Can you tell me: Hey AQI-Sense, Why are roadside vendors and traffic police considered an occupational vulnerable group?",Vulnerable Groups,tell hey aqi sense roadside vendor traffic police consider occupational vulnerable group
Can breathing chemical smog cause reactive airways dysfunction syndrome RADS?,Respiratory Health,breathe chemical smog cause reactive airway dysfunction syndrome rad
Why do people with allergic rhinitis experience severe flare-ups in smog?,Respiratory Health,people allergic rhinitis experience severe flare up smog
What are the color codes for the air quality index scale?,AQI Information,color cod air quality index scale
Could you explain if why do I get shortness of breath after climbing stairs on smoggy days?,Symptoms,could explain get shortness breath climb stair smoggy day
Should youth sports leagues cancel games when air quality is Moderate?,Outdoor Activities,youth sport league cancel game air quality moderate
Can you tell me: Can you tell me: What preventive measures are recommended during agricultural stubble burning?,Precautions,tell tell preventive measure recommend agricultural stubble burn
What does it mean when an air monitor reports PM2.5 of 150 ug/m3?,AQI Information,mean air monitor report pm25 150 ug m3
Does air pollution contribute to systemic vascular inflammation?,Health Effects,air pollution contribute systemic vascular inflammation
"Quick question: Could you explain if i have had a throbbing headache since the smog arrived, is this normal?",Symptoms,quick question could explain throb headache since smog arrive normal
Is an elastomeric half-mask respirator better than disposable N95s for smog?,Masks and Protection,elastomeric half mask respirator better disposable n95s smog
Could you explain if can you tell me: What diseases are directly attributable to poor outdoor air quality?,Health Effects,could explain tell disease directly attributable poor outdoor air quality
Why do diabetic patients face higher vascular risk from toxic smog?,Vulnerable Groups,diabetic patient face higher vascular risk toxic smog
Can keeping indoor plants like snake plants reduce indoor air pollution?,Precautions,keep indoor plant like snake plant reduce indoor air pollution
"Please explain: Hey AQI-Sense, What respirator should traffic wardens wear during peak congestion?",Masks and Protection,please explain hey aqi sense respirator traffic warden wear peak congestion
"I want to know, What precautions should construction sites take to prevent dust spread?",Precautions,want know precaution construction sit take prevent dust spread
How many cigarettes equivalent is breathing air with an AQI of 380 for 24 hours?,Pollution Exposure,many cigarette equivalent breathe air aqi 380 24 hour
Please explain: Is it true that at what AQI level is it strongly recommended to wear an N95 respirator?,Masks and Protection,please explain true aqi level strongly recommend wear n95 respirator
"Hey AQI-Sense, How can you perform a user seal check (positive and negative pressure test)?",Masks and Protection,hey aqi sense perform user seal check positive negative pressure test
"Doctor, Can dirty air cause long term chronic bronchitis and persistent wheezing?",Respiratory Health,doctor dirty air cause long term chronic bronchitis persistent wheeze
Please explain: Can acute particulate exposure during pregnancy alter placental vascular architecture?,Pollution Exposure,please explain acute particulate exposure pregnancy alter placental vascular architecture
Can environmental pollution increase insulin resistance?,Health Effects,environmental pollution increase insulin resistance
Why does winter temperature inversion cause severe bronchial spasms?,Respiratory Health,winter temperature inversion cause severe bronchial spasm
Can you tell me: Quick question: Does air pollution contribute to systemic vascular inflammation?,Health Effects,tell quick question air pollution contribute systemic vascular inflammation
How does ambient particulate matter affect spirometry measurements in clinic?,Respiratory Health,ambient particulate matter affect spirometry measurement clinic
Why do I keep sneezing and coughing whenever I go outside?,Symptoms,keep sneeze cough whenever go outside
Could you explain if what occurs when construction workers fail to use water misting and dust suppression?,Pollution Exposure,could explain occur construction worker fail use water mist dust suppression
How is the daily maximum AQI determined by environmental agencies?,AQI Information,daily maximum aqi determine environmental agency
Can particulate matter cause mast cell degranulation in the bronchial tree?,Respiratory Health,particulate matter cause mast cell degranulation bronchial tree
Why do I feel nervous and anxious when breathing suffocating smog?,Symptoms,feel nervous anxious breathe suffocate smog
Can I exercise outdoors in the evening if the AQI is 250?,Outdoor Activities,exercise outdoors even aqi 250
Does wearing a mask outdoors significantly reduce inhaled particulate dosage?,Masks and Protection,wear mask outdoors significantly reduce inhale particulate dosage
Is it true that could you explain if can you tell me: Can you tell me: How deeply do fine particulate matter particles penetrate into lung alveoli?,Respiratory Health,true could explain tell tell deeply fine particulate matter particle penetrate lung alveolus
Are infants exposed to heavy smog more prone to developing bronchiolitis?,Vulnerable Groups,infant expose heavy smog prone develop bronchiolitis
"Hey AQI-Sense, Why are patients with congestive heart failure frequently hospitalized during smog?",Vulnerable Groups,hey aqi sense patient congestive heart failure frequently hospitalize smog
Can you tell me: What are the epigenetic changes caused by chronic smog exposure?,Health Effects,tell epigenetic change cause chronic smog exposure
What happens to blood viscosity when breathing dense air pollution?,Health Effects,happen blood viscosity breathe dense air pollution
Why are patients with congestive heart failure frequently hospitalized during smog?,Vulnerable Groups,patient congestive heart failure frequently hospitalize smog
What does a moderate AQI rating between 51 and 100 represent?,AQI Information,moderate aqi rat 51 100 represent
Can I go for a morning run or jog when the AQI is 110?,Outdoor Activities,go morning run jog aqi 110
"Doctor, Should I avoid vacuuming with non-HEPA vacuums during poor air quality?",Precautions,doctor avoid vacuum non hepa vacuum poor air quality
Is it safe to play outdoor football or soccer when air quality is Very Unhealthy?,Outdoor Activities,safe play outdoor football soccer air quality unhealthy
What is a temperature inversion and how does it trap pollution?,AQI Information,temperature inversion trap pollution
Can smog cause eye redness and conjunctivitis-like symptoms?,Symptoms,smog cause eye redness conjunctivitis like symptom
Is it safe to commute by walking two miles in moderate air pollution?,Outdoor Activities,safe commute walk two mile moderate air pollution
Why do asthmatics need their rescue inhalers more frequently during smog?,Respiratory Health,asthmatic need rescue inhaler frequently smog
What are the physiological consequences of sleeping in a bedroom with poor indoor air quality?,Pollution Exposure,physiological consequence sleep bedroom poor indoor air quality
Can regular surgical masks or cloth bandanas protect against smog?,Masks and Protection,regular surgical mask cloth bandana protect smog
Could you explain if does air pollution worsen pulmonary outcomes in patients with bronchiectasis?,Respiratory Health,could explain air pollution worsen pulmonary outcome patient bronchiectasis
Can air pollution trigger migraine headaches and eye strain?,Symptoms,air pollution trigger migraine headache eye strain
Should I use an exhaust chimney while frying food on smoggy days?,Precautions,use exhaust chimney fry food smoggy day
Can toxic emissions cause acute tracheobronchitis in previously healthy people?,Respiratory Health,toxic emission cause acute tracheobronchitis previously healthy people
How does chronic smog exposure affect psychological well-being?,Health Effects,chronic smog exposure affect psychological well
How does particulate matter affect brain health and cognition?,Health Effects,particulate matter affect brain health cognition
Why do patients with interstitial lung disease require supplemental oxygen in smog?,Respiratory Health,patient interstitial lung disease require supplemental oxygen smog
Why does air pollution cause worsening dyspnea in chronic respiratory patients?,Respiratory Health,air pollution cause worsen dyspnea chronic respiratory patient
Why does AQI spike during winter mornings?,AQI Information,aqi spike winter morning
Could you explain if what health risks confront outdoor gig delivery drivers working in hazardous AQI?,Pollution Exposure,could explain health risk confront outdoor gig delivery driver work hazardous aqi
What does AQI level 350 mean for daily life?,AQI Information,aqi level 350 mean daily life
Is it true that can ambient air pollution speed up emphysematous lung destruction?,Respiratory Health,true ambient air pollution speed emphysematous lung destruction
"Why do I feel lightheaded, nauseous, and woozy on high AQI days?",Symptoms,feel lightheaded nauseous woozy high aqi day
Can you tell me: Does an N100 mask provide 99.97% filtration against particulate matter?,Masks and Protection,tell n100 mask provide 99 97 filtration particulate matter
What does a yellow air quality alert signify?,AQI Information,yellow air quality alert signify
Can taking antioxidant supplements or vitamin C help counter pollution?,Precautions,take antioxidant supplement vitamin help counter pollution
Are immunocompromised patients at greater risk of fungal lung infections in smog?,Vulnerable Groups,immunocompromised patient greater risk fungal lung infection smog
What is the relationship between air pollution and neuroinflammation?,Health Effects,relationship air pollution neuroinflammation
Is an AQI of 410 considered safe or dangerous?,AQI Information,aqi 410 consider safe dangerous
"Doctor, Can poor air quality cause nocturnal asthma attacks and nighttime coughing?",Respiratory Health,doctor poor air quality cause nocturnal asthma attack nighttime cough
Can I do light yoga in the park when the AQI is 125?,Outdoor Activities,light yoga park aqi 125
At what AQI level is it strongly recommended to wear an N95 respirator?,Masks and Protection,aqi level strongly recommend wear n95 respirator
How can I monitor indoor air quality levels inside my living room?,Precautions,monitor indoor air quality level inside live room
Is it safe to go for a brisk morning walk when AQI is 145?,Outdoor Activities,safe go brisk morning walk aqi 145
Can breathing dirty air cause cellular senescence in blood vessels?,Health Effects,breathe dirty air cause cellular senescence blood vessel
"Hey AQI-Sense, Doctor, Does ambient air pollution contribute to retinal microvascular changes?",Health Effects,hey aqi sense doctor ambient air pollution contribute retinal microvascular change
Can you tell me: What are the long term consequences of breathing diesel exhaust?,Health Effects,tell long term consequence breathe diesel exhaust
What are the best indoor plants to complement air purifiers?,Precautions,best indoor plant complement air purifier
Please explain: How many cigarettes equivalent is breathing air with an AQI of 75 for 24 hours?,Pollution Exposure,please explain many cigarette equivalent breathe air aqi 75 24 hour
"I want to know, What emergency precautions should be taken during wildfire smoke events?",Precautions,want know emergency precaution take wildfire smoke event
Quick question: What does AQI level 155 mean for daily life?,AQI Information,quick question aqi level 155 mean daily life
Does a damp cloth over the mouth and nose block smoke particles?,Masks and Protection,damp cloth mouth nose block smoke particle
What happens when someone spends an entire day outdoors during a hazardous smog episode?,Pollution Exposure,happen someone spend entire day outdoors hazardous smog episode
Can children play in the backyard playground when the AQI is 500?,Outdoor Activities,child play backyard playground aqi 500
Can I go for a morning run or jog when the AQI is 55?,Outdoor Activities,go morning run jog aqi 55
"Doctor, What measures can prevent soot and particulate matter from entering apartments?",Precautions,doctor measure prevent soot particulate matter enter apartment
How can people with beards achieve an effective seal with an N95 mask?,Masks and Protection,people beard achieve effective seal n95 mask
What protocols should nursing homes follow during seasonal air pollution emergencies?,Vulnerable Groups,protocol nurse home follow seasonal air pollution emergency
Could you explain if can childhood exposure to high PM2.5 permanently curtail peak lung growth?,Respiratory Health,could explain childhood exposure high pm25 permanently curtail peak lung growth
Quick question: Is it true that quick question: Are patients recovering from recent cardiac surgery vulnerable to air pollution?,Vulnerable Groups,quick question true quick question patient recover recent cardiac surgery vulnerable air pollution
Is it true that what is the difference between European CAQI and US EPA AQI?,AQI Information,true difference european caqi u epa aqi
Can I do light yoga in the park when the AQI is 300?,Outdoor Activities,light yoga park aqi 300
Can outdoor gardeners and landscapers work safely in Moderate air?,Outdoor Activities,outdoor gardener landscaper work safely moderate air
Is an AQI under 50 considered pristine and clean air?,AQI Information,aqi 50 consider pristine clean air
Is it recommended to run a HEPA air purifier on hazardous pollution days?,Precautions,recommend run hepa air purifier hazardous pollution day
How does minute ventilation volume increase during outdoor cardio?,Outdoor Activities,minute ventilation volume increase outdoor cardio
Can you tell me: How deeply do fine particulate matter particles penetrate into lung alveoli?,Respiratory Health,tell deeply fine particulate matter particle penetrate lung alveolus
What does an AQI of 230 mean?,AQI Information,aqi 230 mean
What type of mask should street cleaners wear when sweeping roads?,Masks and Protection,type mask street cleaner wear sweep road
Should outdoor tennis matches and cricket games be postponed due to smog?,Outdoor Activities,outdoor tennis match cricket game postpone due smog
Can outdoor gardeners and landscapers work safely in Unhealthy for Sensitive Groups air?,Outdoor Activities,outdoor gardener landscaper work safely unhealthy sensitive group air
"I want to know, How is the Air Quality Index calculated?",AQI Information,want know air quality index calculate
"Quick question: Hey AQI-Sense, Why do standard paper dust masks fail to protect against vehicle emissions?",Masks and Protection,quick question hey aqi sense standard paper dust mask fail protect vehicle emission
How do the body's mucociliary escalators filter out inhaled soot particles over weeks?,Pollution Exposure,body mucociliary escalator filter inhale soot particle week
Is it true that do simple cloth face coverings provide any defense against air pollution?,Masks and Protection,true simple cloth face covering provide defense air pollution
What does AQI category 'Unhealthy for Sensitive Groups' indicate for public health?,AQI Information,aqi category unhealthy sensitive group indicate public health
How should disposable masks be disposed of after use in heavy smog?,Masks and Protection,disposable mask dispose use heavy smog
Is it true that why do I feel chest tightness and burning after walking in smog?,Symptoms,true feel chest tightness burn walk smog
"Doctor, Can fine particles cross the blood-brain barrier?",Health Effects,doctor fine particle cross blood brain barrier
"Hey AQI-Sense, Why do standard paper dust masks fail to protect against vehicle emissions?",Masks and Protection,hey aqi sense standard paper dust mask fail protect vehicle emission
Can I take my toddler for a stroller walk when the AQI is 490?,Outdoor Activities,take toddler stroller walk aqi 490
Can I take my toddler for a stroller walk when the AQI is 55?,Outdoor Activities,take toddler stroller walk aqi 55
Could you explain if can air pollution exposure during pregnancy cause maternal gestational diabetes?,Vulnerable Groups,could explain air pollution exposure pregnancy cause maternal gestational diabetes
What does AQI 350 mean for hospital admissions?,AQI Information,aqi 350 mean hospital admission
Why do my contact lenses hurt when particulate levels are elevated?,Symptoms,contact lens hurt particulate level elevate
"I want to know, Please explain: Why do people with allergic rhinitis suffer so much during smog season?",Respiratory Health,want know please explain people allergic rhinitis suffer much smog season
What advice do obstetricians give to expectant mothers during smog season?,Vulnerable Groups,advice obstetrician give expectant mother smog season
Is it safe to cycle to work when air quality is classified as Unhealthy for Sensitive Groups?,Outdoor Activities,safe cycle work air quality classify unhealthy sensitive group
Is there a link between poor air quality and high blood pressure?,Health Effects,link poor air quality high blood pressure
What is the threshold for unhealthy air on the AQI scale?,AQI Information,threshold unhealthy air aqi scale
What does AQI 420 mean?,AQI Information,aqi 420 mean
Are exhaust valve masks safe and effective for personal pollution defense?,Masks and Protection,exhaust valve mask safe effective personal pollution defense
How do electrostatically charged fibers in N95 masks capture submicron particles?,Masks and Protection,electrostatically charge fiber n95 mask capture submicron particle
What does an AQI of 55 mean?,AQI Information,aqi 55 mean
"I want to know, How does air pollution impact metabolic syndrome and cholesterol?",Health Effects,want know air pollution impact metabolic syndrome cholesterol
What are the long term hazards of diesel particulate exposure for bus drivers?,Pollution Exposure,long term hazard diesel particulate exposure bus driver
How can I minimize smoke leakage under doors during stubble burning?,Precautions,minimize smoke leakage door stubble burn
Does air pollution increase the severity of viral pneumonia and bronchitis?,Respiratory Health,air pollution increase severity viral pneumonia bronchitis
Can I walk my dog outside for an hour when the air quality is 250?,Outdoor Activities,walk dog outside hour air quality 250
Can I do calisthenics in an open-air park when the AQI is 500?,Outdoor Activities,calisthenics open air park aqi 500
Is it true that how does exposure to burning biomass compare to vehicle emissions in toxicity?,Pollution Exposure,true exposure burn biomass compare vehicle emission toxicity
Quick question: Can wearing two cloth masks match the filtration efficiency of an N95?,Masks and Protection,quick question wear two cloth mask match filtration efficiency n95
Why do I experience nausea and stomach discomfort in dense smog?,Symptoms,experience nausea stomach discomfort dense smog
Why is my throat dry and scratchy after commuting in traffic?,Symptoms,throat dry scratchy commute traffic
"Hey AQI-Sense, Quick question: Is it true that quick question: Are patients recovering from recent cardiac surgery vulnerable to air pollution?",Vulnerable Groups,hey aqi sense quick question true quick question patient recover recent cardiac surgery vulnerable air pollution
Can smog cause burning sensations throughout the upper respiratory tract?,Symptoms,smog cause burn sensation throughout upper respiratory tract
How does particulate matter affect systemic blood clotting factors?,Health Effects,particulate matter affect systemic blood clot factor
Could you explain if explain what AQI 410 indicates?,AQI Information,could explain explain aqi 410 indicate
"Please explain: Doctor, I want to know, Please explain: Why do people with allergic rhinitis suffer so much during smog season?",Respiratory Health,please explain doctor want know please explain people allergic rhinitis suffer much smog season
How do I check if my KN95 mask is genuine or counterfeit?,Masks and Protection,check kn95 mask genuine counterfeit
Is it true that please explain: Is it true that at what AQI level is it strongly recommended to wear an N95 respirator?,Masks and Protection,true please explain true aqi level strongly recommend wear n95 respirator
Is it true that can two surgical masks worn together equal the filtration of an N95?,Masks and Protection,true two surgical mask wear together equal filtration n95
What does an AQI of 490 mean?,AQI Information,aqi 490 mean
Quick question: Can you tell me: Can chronic smog exposure permanently stunt lung development in children?,Vulnerable Groups,quick question tell chronic smog exposure permanently stunt lung development child
Can outdoor gardeners and landscapers work safely in hazy weather?,Outdoor Activities,outdoor gardener landscaper work safely hazy weather
Can children play in the backyard playground when the AQI is 155?,Outdoor Activities,child play backyard playground aqi 155
Can outdoor gardeners and landscapers work safely in Hazardous air?,Outdoor Activities,outdoor gardener landscaper work safely hazardous air
Why do my lips feel chapped and dry in heavy air pollution?,Symptoms,lip feel chap dry heavy air pollution
Can you tell me: How does proximity to port shipping terminals elevate sulfur and diesel particle exposure?,Pollution Exposure,tell proximity port ship terminal elevate sulfur diesel particle exposure
How does dirty air affect cholesterol levels and arterial plaque?,Health Effects,dirty air affect cholesterol level arterial plaque
What precautions should I take when the AQI reaches unhealthy levels?,Precautions,precaution take aqi reach unhealthy level
Why are people with existing pulmonary arterial hypertension considered sensitive?,Vulnerable Groups,people exist pulmonary arterial hypertension consider sensitive
Could you explain if are exhaust valve masks safe and effective for personal pollution defense?,Masks and Protection,could explain exhaust valve mask safe effective personal pollution defense
Please explain: Could you explain if can air pollution trigger acute migraine attacks with light sensitivity?,Symptoms,please explain could explain air pollution trigger acute migraine attack light sensitivity
Can air pollution trigger pleurisy or inflammation of the pleural membranes?,Respiratory Health,air pollution trigger pleurisy inflammation pleural membrane
What safety protocols should municipal sweepers follow when sweeping dry dusty roads?,Pollution Exposure,safety protocol municipal sweeper follow sweep dry dusty road
Why do I feel breathless after doing simple household chores during high AQI?,Symptoms,feel breathless simple household chore high aqi
What is the breakpoint table used by EPA for calculating AQI?,AQI Information,breakpoint table use epa calculate aqi
Could you explain if is it true that can you tell me: What is the difference between particulate filtering and gas filtration?,Masks and Protection,could explain true tell difference particulate filter gas filtration
What does an AQI between 201 and 300 indicate?,AQI Information,aqi 201 300 indicate
Can I take my toddler for a stroller walk when the AQI is 155?,Outdoor Activities,take toddler stroller walk aqi 155
Why are infants and toddlers more susceptible to toxic air pollution?,Vulnerable Groups,infant toddler susceptible toxic air pollution
Quick question: How can public transport riders minimize exposure to bus and truck exhaust?,Precautions,quick question public transport rider minimize exposure bus truck exhaust
At what AQI level should all outdoor physical activities be moved indoors?,Outdoor Activities,aqi level outdoor physical activity move indoors
Is short-term acute exposure to high AQI more damaging than chronic low exposure?,Pollution Exposure,short term acute exposure high aqi damage chronic low exposure
"Hey AQI-Sense, Can breathing dirty air cause a dry metallic taste in the mouth?",Symptoms,hey aqi sense breathe dirty air cause dry metallic taste mouth
How does air pollution interact with cardiovascular disease in older adults?,Vulnerable Groups,air pollution interact cardiovascular disease older adult
How does heavy respiration during exercise increase pollutant intake?,Outdoor Activities,heavy respiration exercise increase pollutant intake
Can prenatal air pollution exposure be linked to autism or cognitive delays?,Vulnerable Groups,prenatal air pollution exposure link autism cognitive delay
Quick question: Please explain: Should I change clothes and wash my face after spending hours in smog?,Precautions,quick question please explain change clothe wash face spend hour smog
Is it safe to play outdoor football or soccer when air quality is Moderate?,Outdoor Activities,safe play outdoor football soccer air quality moderate
How long does it take for the body to clear particulate matter after acute smoke exposure?,Pollution Exposure,long take body clear particulate matter acute smoke exposure
Can ambient air pollution speed up emphysematous lung destruction?,Respiratory Health,ambient air pollution speed emphysematous lung destruction
How does topography cause pollution to concentrate in valley basins?,AQI Information,topography cause pollution concentrate valley basin
How does particulate matter affect heart muscle contraction?,Health Effects,particulate matter affect heart muscle contraction
"I want to know, Can living in a polluted city shorten human life expectancy?",Health Effects,want know live pollute city shorten human life expectancy
Should outdoor construction and heavy manual labor be halted at AQI 55?,Outdoor Activities,outdoor construction heavy manual labor halt aqi 55
How does living downwind of a coal-fired power station affect annual PM2.5 dose?,Pollution Exposure,live downwind coal fire power station affect annual pm25 dose
Quick question: What happens to the human body after 8 hours of continuous exposure to toxic air?,Pollution Exposure,quick question happen human body hour continuous exposure toxic air
Can long term smog exposure lead to adult-onset asthma in healthy individuals?,Respiratory Health,long term smog exposure lead adult onset asthma healthy individual
Can I walk my dog outside for an hour when the air quality is 75?,Outdoor Activities,walk dog outside hour air quality 75
Is it true that what respiratory safety measures must road sweepers follow on dusty thoroughfares?,Pollution Exposure,true respiratory safety measure must road sweeper follow dusty thoroughfare
What should construction workers do to protect themselves from dust clouds?,Precautions,construction worker protect dust cloud
Can air pollution accelerate cognitive decline in middle-aged adults?,Health Effects,air pollution accelerate cognitive decline middle age adult
Why does air leak around the nose bridge of improperly fitted masks?,Masks and Protection,air leak around nose bridge improperly fit mask
"Hey AQI-Sense, Doctor, Are seniors with congestive heart failure at risk of hospitalization in smog?",Vulnerable Groups,hey aqi sense doctor senior congestive heart failure risk hospitalization smog
Is it true that can you tell me: What is the difference between particulate filtering and gas filtration?,Masks and Protection,true tell difference particulate filter gas filtration
How does high AQI impact pregnant women and their unborn babies?,Vulnerable Groups,high aqi impact pregnant woman unborn baby
Is it true that quick question: Are patients recovering from recent cardiac surgery vulnerable to air pollution?,Vulnerable Groups,true quick question patient recover recent cardiac surgery vulnerable air pollution
Can fine dust cause constant sneezing fits and a runny nose?,Symptoms,fine dust cause constant sneeze fit runny nose
Can activated charcoal filters adsorb sulfur dioxide and ozone?,Masks and Protection,activate charcoal filter adsorb sulfur dioxide ozone
How many cigarettes equivalent is breathing air with an AQI of 140 for 24 hours?,Pollution Exposure,many cigarette equivalent breathe air aqi 140 24 hour
"Quick question: Hey AQI-Sense, How does breathing resistance compare between N95 and N99 respirators?",Masks and Protection,quick question hey aqi sense breathe resistance compare n95 n99 respirator
"Hey AQI-Sense, How does ambient particulate matter affect spirometry measurements in clinic?",Respiratory Health,hey aqi sense ambient particulate matter affect spirometry measurement clinic
"I want to know, Doctor, Are seniors with congestive heart failure at risk of hospitalization in smog?",Vulnerable Groups,want know doctor senior congestive heart failure risk hospitalization smog
What is the difference between N95 and N99 particulate respirators?,Masks and Protection,difference n95 n99 particulate respirator
How does cumulative exposure to indoor cooking smoke compound outdoor pollution exposure?,Pollution Exposure,cumulative exposure indoor cook smoke compound outdoor pollution exposure
Can runners wear an N95 mask while doing interval training outdoors?,Outdoor Activities,runner wear n95 mask interval train outdoors
Can I do light yoga in the park when the AQI is 75?,Outdoor Activities,light yoga park aqi 75
What is the difference between ambient air quality and indoor air quality?,AQI Information,difference ambient air quality indoor air quality
"Doctor, What does an AQI of 380 mean?",AQI Information,doctor aqi 380 mean
Why does my nose feel chronically stuffed up during the winter pollution peak?,Symptoms,nose feel chronically stuff winter pollution peak
"Hey AQI-Sense, Doctor, How does urban smog impact bone mineral density and osteoporosis?",Health Effects,hey aqi sense doctor urban smog impact bone mineral density osteoporosis
How deeply do fine particulate matter particles penetrate into lung alveoli?,Respiratory Health,deeply fine particulate matter particle penetrate lung alveolus
"Doctor, Hey AQI-Sense, Why are roadside vendors and traffic police considered an occupational vulnerable group?",Vulnerable Groups,doctor hey aqi sense roadside vendor traffic police consider occupational vulnerable group
Can particulate pollution cause cognitive impairment in senior citizens?,Vulnerable Groups,particulate pollution cause cognitive impairment senior citizen
"Hey AQI-Sense, Are children with childhood asthma at greater risk during smog events?",Vulnerable Groups,hey aqi sense child childhood asthma greater risk smog event
"Doctor, Can you tell me: How does exposure to burning biomass compare to vehicle emissions in toxicity?",Pollution Exposure,doctor tell exposure burn biomass compare vehicle emission toxicity
How does long term air pollution impact overall human health?,Health Effects,long term air pollution impact overall human health
How often is the municipal air quality index updated during the day?,AQI Information,often municipal air quality index update day
Can high air pollution trigger a life-threatening asthma attack?,Respiratory Health,high air pollution trigger life threaten asthma attack
Quick question: What respiratory safety measures must road sweepers follow on dusty thoroughfares?,Pollution Exposure,quick question respiratory safety measure must road sweeper follow dusty thoroughfare
How does sulfur dioxide gas induce rapid bronchospasms in sensitive individuals?,Respiratory Health,sulfur dioxide gas induce rapid bronchospasm sensitive individual
Can kids wear adult KN95 masks by tying knots in the ear loops?,Masks and Protection,kid wear adult kn95 mask tie knot ear loop
Can air pollution cause subclinical cardiovascular damage in youths?,Health Effects,air pollution cause subclinical cardiovascular damage youth
Can poor air quality cause wheezing sounds when exhaling?,Symptoms,poor air quality cause wheeze sound exhale
Is it safe to dry laundry outside when particulate levels are very high?,Precautions,safe dry laundry outside particulate level high
Can bad air cause hoarseness and loss of voice?,Symptoms,bad air cause hoarseness loss voice
"Quick question: Doctor, Can air pollution cause long term hyperreactivity of the vagal sensory nerves in the lungs?",Respiratory Health,quick question doctor air pollution cause long term hyperreactivity vagal sensory nerve lung
What does an AQI between 151 and 200 mean for healthy adults?,AQI Information,aqi 151 200 mean healthy adult
What are the guidelines for school athletic departments regarding AQI?,Outdoor Activities,guideline school athletic department regard aqi
What biomarkers in blood and urine reflect recent exposure to vehicle emissions?,Pollution Exposure,biomarkers blood urine reflect recent exposure vehicle emission
How does ground level ozone damage the epithelial lining of the lungs?,Respiratory Health,grind level ozone damage epithelial line lung
Please explain: What precautions should be taken if living next to a high-traffic highway?,Precautions,please explain precaution take live next high traffic highway
Is it true that why do my lungs feel heavy and irritated after outdoor exposure?,Symptoms,true lung feel heavy irritate outdoor exposure
What does AQI 225 mean for city commuters?,AQI Information,aqi 225 mean city commuter
Is it safe to open windows in the early morning for ventilation during smog?,Precautions,safe open window early morning ventilation smog
Can toxic exhaust cause chronic renal insufficiency?,Health Effects,toxic exhaust cause chronic renal insufficiency
Quick question: Can toxic emissions cause acute tracheobronchitis in previously healthy people?,Respiratory Health,quick question toxic emission cause acute tracheobronchitis previously healthy people
Does air pollution cause an increase in emergency room cardiac visits?,Health Effects,air pollution cause increase emergency room cardiac visit
Which pollutant usually drives the AQI in metropolitan cities?,AQI Information,pollutant usually drive aqi metropolitan city
"Hey AQI-Sense, Is it safe to air out the house in the afternoon when AQI is high?",Precautions,hey aqi sense safe air house afternoon aqi high
Why did the WHO update its global air quality guidelines in 2021?,AQI Information,update global air quality guideline 2021
Can dirty air cause chronic inflammation throughout the body?,Health Effects,dirty air cause chronic inflammation throughout body
Is it true that should I run my home air conditioner on recirculation mode during smog?,Precautions,true run home air conditioner recirculation mode smog
Can you tell me: What type of air purifier filter is best for trapping PM2.5?,Precautions,tell type air purifier filter best trap pm25
Quick question: How should disposable masks be disposed of after use in heavy smog?,Masks and Protection,quick question disposable mask dispose use heavy smog
Can high air pollution trigger an acute asthma attack in patients?,Respiratory Health,high air pollution trigger acute asthma attack patient
Is evening jogging safer than early morning running during winter smog?,Outdoor Activities,even jog safer early morning run winter smog
Can bad air cause nocturnal asthma flare-ups and nighttime awakenings?,Respiratory Health,bad air cause nocturnal asthma flare up nighttime awakening
Why does pollution cause increased sputum and mucus production in the lungs?,Respiratory Health,pollution cause increase sputum mucus production lung
Is it true that are seniors living alone more susceptible to heat and smog episodes?,Vulnerable Groups,true senior live alone susceptible heat smog episode
Can acute exposure to industrial chemical fumes cause persistent health problems?,Pollution Exposure,acute exposure industrial chemical fume cause persistent health problem
"Can smog cause sudden chest heaviness, tightness, and difficulty inhaling?",Symptoms,smog cause sudden chest heaviness tightness difficulty inhale
Is it dangerous to go hiking in the mountains during a regional smog alert?,Outdoor Activities,dangerous go hike mountain regional smog alert
"I want to know, How does pollution affect oxygen saturation in the arterial blood?",Health Effects,want know pollution affect oxygen saturation arterial blood
What does a Code Orange air quality advisory indicate?,AQI Information,code orange air quality advisory indicate
How should car drivers set their ventilation system in heavy traffic?,Precautions,car driver set ventilation system heavy traffic
Quick question: How many cigarettes equivalent is breathing air with an AQI of 320 for 24 hours?,Pollution Exposure,quick question many cigarette equivalent breathe air aqi 320 24 hour
"Doctor, Hey AQI-Sense, Can fine particles enter brain tissue through the olfactory nerve?",Health Effects,doctor hey aqi sense fine particle enter brain tissue olfactory nerve
What does an AQI between 0 and 50 indicate for sensitive people?,AQI Information,aqi 50 indicate sensitive people
What outdoor activity modifications are recommended on orange alert days?,Outdoor Activities,outdoor activity modification recommend orange alert day
How can elderly care centers maintain clean indoor air standards?,Precautions,elderly care center maintain clean indoor air standard
Quick question: Can high air pollution trigger an acute asthma attack in patients?,Respiratory Health,quick question high air pollution trigger acute asthma attack patient
"Doctor, What is the latency period between chronic pollution exposure and respiratory disease onset?",Pollution Exposure,doctor latency period chronic pollution exposure respiratory disease onset
"Doctor, When is the AQI high enough to warrant wearing a respirator outdoors?",Masks and Protection,doctor aqi high enough warrant wear respirator outdoors
What respirator should traffic wardens wear during peak congestion?,Masks and Protection,respirator traffic warden wear peak congestion
Could you explain if why do patients with interstitial lung disease require supplemental oxygen in smog?,Respiratory Health,could explain patient interstitial lung disease require supplemental oxygen smog
Can breathing wood smoke or agricultural smog cause acute pulmonary edema?,Respiratory Health,breathe wood smoke agricultural smog cause acute pulmonary edema
Can the human body ever fully purge ultrafine nanoparticles that enter the bloodstream?,Pollution Exposure,human body ever fully purge ultrafine nanoparticles enter bloodstream
Can children play in the backyard playground when the AQI is 300?,Outdoor Activities,child play backyard playground aqi 300
How does smog exposure impact thyroid gland functioning?,Health Effects,smog exposure impact thyroid gland function
"Doctor, How does air pollution impact children with congenital heart conditions?",Vulnerable Groups,doctor air pollution impact child congenital heart condition
Can I take my toddler for a stroller walk when the AQI is 75?,Outdoor Activities,take toddler stroller walk aqi 75
Can you tell me: Can you tell me: How deeply do fine particulate matter particles penetrate into lung alveoli?,Respiratory Health,tell tell deeply fine particulate matter particle penetrate lung alveolus
Can particulate matter accelerate cognitive decline in dementia patients?,Vulnerable Groups,particulate matter accelerate cognitive decline dementia patient
Can air pollution affect the developing lungs of young children permanently?,Vulnerable Groups,air pollution affect develop lung young child permanently
Can heavy smog lead to acute coronary syndromes?,Health Effects,heavy smog lead acute coronary syndrome
How long after moving to a clean-air region does systemic inflammation subside?,Pollution Exposure,long move clean air region systemic inflammation subside
Is it true that is steam inhalation helpful for clearing nasal passages irritated by smog?,Precautions,true steam inhalation helpful clear nasal passage irritate smog
Can living in high PM2.5 areas reduce maximum lung growth in adolescents?,Respiratory Health,live high pm25 area reduce maximum lung growth adolescent
Explain the difference between PM10 and PM2.5 in air quality index.,AQI Information,explain difference pm10 pm25 air quality index
What is the NIOSH testing standard for particulate respirators?,Masks and Protection,niosh test standard particulate respirator
Please explain: Can poor air quality worsen obstructive sleep apnea and hypoxemia?,Respiratory Health,please explain poor air quality worsen obstructive sleep apnea hypoxemia
What does an AQI of 185 mean?,AQI Information,aqi 185 mean
Does dirty air cause endothelial dysfunction in blood vessels?,Health Effects,dirty air cause endothelial dysfunction blood vessel
"Can you tell me: Why do I feel lightheaded, nauseous, and woozy on high AQI days?",Symptoms,tell feel lightheaded nauseous woozy high aqi day
Can toxic smog accelerate the aging process in human tissues?,Health Effects,toxic smog accelerate age process human tissue
How do epidemiological studies measure human lifetime exposure to PM2.5?,Pollution Exposure,epidemiological study measure human lifetime exposure pm25
What is the difference between AQI and micrograms per cubic meter?,AQI Information,difference aqi microgram per cubic meter
How does particulate matter affect pulmonary surfactant composition?,Respiratory Health,particulate matter affect pulmonary surfactant composition
Can air pollution cause emphysema progression in chronic lung disease patients?,Respiratory Health,air pollution cause emphysema progression chronic lung disease patient
Is it safe to use essential oil diffusers when outdoor air is polluted?,Precautions,safe use essential oil diffuser outdoor air pollute
"Doctor, Does ambient air pollution contribute to retinal microvascular changes?",Health Effects,doctor ambient air pollution contribute retinal microvascular change
What special precautions should pediatric daycare centers enforce for air quality?,Vulnerable Groups,special precaution pediatric daycare center enforce air quality
"Doctor, Please explain: Could you explain if what is the cellular mechanism by which ozone inflames the pulmonary airway?",Respiratory Health,doctor please explain could explain cellular mechanism ozone inflame pulmonary airway
Are patients recovering from recent cardiac surgery vulnerable to air pollution?,Vulnerable Groups,patient recover recent cardiac surgery vulnerable air pollution
Can cumulative exposure to wood fire smoke cause permanent biological damage?,Pollution Exposure,cumulative exposure wood fire smoke cause permanent biological damage
How do particulate filters trap sub-micron PM2.5 particles?,Masks and Protection,particulate filter trap sub micron pm25 particle
Why do I get shortness of breath after climbing stairs on smoggy days?,Symptoms,get shortness breath climb stair smoggy day
Can you tell me: Does air pollution worsen pulmonary outcomes in patients with bronchiectasis?,Respiratory Health,tell air pollution worsen pulmonary outcome patient bronchiectasis
Can you tell me: How does air pollution impact metabolic syndrome and cholesterol?,Health Effects,tell air pollution impact metabolic syndrome cholesterol
Can air pollution increase the risk of deep vein thrombosis?,Health Effects,air pollution increase risk deep vein thrombosis
Should I keep all windows and doors closed when air pollution is severe?,Precautions,keep window door close air pollution severe
"Doctor, What certifications should I look for when buying an anti-pollution mask?",Masks and Protection,doctor certification look buy anti pollution mask
Is it true that what happens to the human body after 8 hours of continuous exposure to toxic air?,Pollution Exposure,true happen human body hour continuous exposure toxic air
How does cumulative particulate exposure over 10 years impact mortality risk?,Pollution Exposure,cumulative particulate exposure 10 year impact mortality risk
Is it true that can you tell me: What precautions should be taken when cooking to avoid adding to indoor PM2.5?,Precautions,true tell precaution take cook avoid add indoor pm25
Why do pediatricians warn parents to keep babies indoors during red alerts?,Vulnerable Groups,pediatrician warn parent keep baby indoors red alert
How can schools protect classrooms from outdoor particulate matter?,Precautions,school protect classroom outdoor particulate matter
How do public health researchers estimate lifetime exposure to ambient particulate matter?,Pollution Exposure,public health researcher estimate lifetime exposure ambient particulate matter
Can fine particles enter brain tissue through the olfactory nerve?,Health Effects,fine particle enter brain tissue olfactory nerve
"Quick question: I want to know, Why does the smoggy air make me feel suffocated and anxious?",Symptoms,quick question want know smoggy air make feel suffocate anxious
"Doctor, Please explain: Why are cancer patients undergoing chemotherapy considered high-risk?",Vulnerable Groups,doctor please explain cancer patient undergo chemotherapy consider high risk
How many cigarettes equivalent is breathing air with an AQI of 300 for 24 hours?,Pollution Exposure,many cigarette equivalent breathe air aqi 300 24 hour
Can you tell me: What is the best personal protective equipment for walking through toxic smog?,Masks and Protection,tell best personal protective equipment walk toxic smog
How can residents living downwind of factories protect their indoor air?,Precautions,resident live downwind factory protect indoor air
Does smog increase the risk of hospitalizations for cardiovascular events?,Health Effects,smog increase risk hospitalization cardiovascular event
How can you perform a user seal check (positive and negative pressure test)?,Masks and Protection,perform user seal check positive negative pressure test
Can breathing smog cause microvascular inflammation?,Health Effects,breathe smog cause microvascular inflammation
Can I go for a morning run or jog when the AQI is 230?,Outdoor Activities,go morning run jog aqi 230
"Could you explain if i want to know, How does poor air quality affect individuals with pre-existing heart disease?",Vulnerable Groups,could explain want know poor air quality affect individual pre exist heart disease
Does air pollution cause cellular oxidative stress and damage?,Health Effects,air pollution cause cellular oxidative stress damage
How does smog affect children who walk long distances along highways to school?,Vulnerable Groups,smog affect child walk long distance along highway school
Can you tell me: Can you tell me: What diseases are directly attributable to poor outdoor air quality?,Health Effects,tell tell disease directly attributable poor outdoor air quality
Can poor air quality cause sinus headaches and facial pressure?,Symptoms,poor air quality cause sinus headache facial pressure
Can you tell me: Can cumulative exposure to agricultural stubble smoke cause irreversible harm?,Pollution Exposure,tell cumulative exposure agricultural stubble smoke cause irreversible harm
Quick question: Why does the smoggy air make me feel suffocated and anxious?,Symptoms,quick question smoggy air make feel suffocate anxious
"Doctor, What does AQI level 380 mean for daily life?",AQI Information,doctor aqi level 380 mean daily life
Is air pollution classified as a human carcinogen by the WHO?,Health Effects,air pollution classify human carcinogen
Can I do calisthenics in an open-air park when the AQI is 125?,Outdoor Activities,calisthenics open air park aqi 125
"Doctor, Can heavy smog lead to acute coronary syndromes?",Health Effects,doctor heavy smog lead acute coronary syndrome
What happens if construction workers do not use dust suppression equipment?,Pollution Exposure,happen construction worker use dust suppression equipment
What are the health risks for traffic police officers exposed to roadside exhaust daily?,Pollution Exposure,health risk traffic police officer expose roadside exhaust daily
Could you explain if can poor air quality cause nasal congestion and sinus pressure?,Symptoms,could explain poor air quality cause nasal congestion sinus pressure
Are senior citizens over 65 at greater risk of heart complications from smog?,Vulnerable Groups,senior citizen 65 greater risk heart complication smog
Why is air pollution considered a major global health hazard?,Health Effects,air pollution consider major global health hazard
"Hey AQI-Sense, What respirator should traffic wardens wear during peak congestion?",Masks and Protection,hey aqi sense respirator traffic warden wear peak congestion
What does AQI 120 mean for public health?,AQI Information,aqi 120 mean public health
Why is PM2.5 given so much weight in the AQI calculation?,AQI Information,pm25 give much weight aqi calculation
Can you tell me: How does breathing resistance compare between N95 and N99 respirators?,Masks and Protection,tell breathe resistance compare n95 n99 respirator
"Hey AQI-Sense, Can you tell me: What are the occupational health standards for outdoor laborers during red alerts?",Pollution Exposure,hey aqi sense tell occupational health standard outdoor laborer red alert
"Doctor, Are seniors with congestive heart failure at risk of hospitalization in smog?",Vulnerable Groups,doctor senior congestive heart failure risk hospitalization smog
Can cumulative exposure to agricultural stubble smoke cause irreversible harm?,Pollution Exposure,cumulative exposure agricultural stubble smoke cause irreversible harm
Should office buildings install MERV 13 or higher air filters?,Precautions,office building install merv 13 higher air filter
Quick question: Does an N95 mask protect against PM2.5 fine particulate matter?,Masks and Protection,quick question n95 mask protect pm25 fine particulate matter
What respiratory safety measures must road sweepers follow on dusty thoroughfares?,Pollution Exposure,respiratory safety measure must road sweeper follow dusty thoroughfare
Can air pollution cause a sensation of pressure behind the eyes?,Symptoms,air pollution cause sensation pressure behind eye
"Doctor, How should an N95 respirator be stored between daily uses?",Masks and Protection,doctor n95 respirator store daily use
What is the maximum safe AQI threshold for vigorous marathon training?,Outdoor Activities,maximum safe aqi threshold vigorous marathon train
Could you explain if why do individuals with sickle cell anemia need protection from bad air?,Vulnerable Groups,could explain individual sickle cell anemia need protection bad air
Why do surgical masks fail to protect against vehicle exhaust and PM2.5?,Masks and Protection,surgical mask fail protect vehicle exhaust pm25
What is the difference between FFP2 and N95 mask standards?,Masks and Protection,difference ffp2 n95 mask standard
"Doctor, How many cigarettes equivalent is breathing air with an AQI of 380 for 24 hours?",Pollution Exposure,doctor many cigarette equivalent breathe air aqi 380 24 hour
What are the health risks of working in underground subway stations with brake dust?,Pollution Exposure,health risk work underground subway station brake dust
Is it better to exercise indoors at a gym rather than running outside today?,Outdoor Activities,better exercise indoors gym rather run outside today
Please explain: What type of mask should street cleaners wear when sweeping roads?,Masks and Protection,please explain type mask street cleaner wear sweep road
Can acute smoke inhalation lead to chemical pneumonitis and pulmonary edema?,Respiratory Health,acute smoke inhalation lead chemical pneumonitis pulmonary edema
Quick question: Please explain: What are the best precautions to take when AQI exceeds 200?,Precautions,quick question please explain best precaution take aqi exceed 200
"Doctor, Why does fogging on eyeglasses indicate a poor respirator fit?",Masks and Protection,doctor fog eyeglass indicate poor respirator fit
Do cloth masks with PM2.5 carbon filter inserts provide adequate protection?,Masks and Protection,cloth mask pm25 carbon filter insert provide adequate protection
"I want to know, How deeply do fine particulate matter particles penetrate into lung alveoli?",Respiratory Health,want know deeply fine particulate matter particle penetrate lung alveolus
Quick question: Quick question: How can public transport riders minimize exposure to bus and truck exhaust?,Precautions,quick question quick question public transport rider minimize exposure bus truck exhaust
Why do respiratory allergy sufferers experience heightened histaminic responses in smog?,Respiratory Health,respiratory allergy sufferer experience heighten histaminic response smog
Quick question: How should drivers seal car vents when driving through polluted tunnels?,Precautions,quick question driver seal car vent drive pollute tunnel
Is it safe to do outdoor interval sprints in urban air?,Outdoor Activities,safe outdoor interval sprint urban air
What biomarkers of oxidative stress are elevated after acute exposure to city traffic smog?,Pollution Exposure,biomarkers oxidative stress elevate acute exposure city traffic smog
What preventive measures are recommended during agricultural stubble burning?,Precautions,preventive measure recommend agricultural stubble burn
What is the highest AQI possible on the standard scale?,AQI Information,highest aqi possible standard scale
What is the exact biological mechanism by which ozone inflames lung tissue?,Respiratory Health,exact biological mechanism ozone inflame lung tissue
"What is the difference between N95, KN95, KF94, and FFP2 masks?",Masks and Protection,difference n95 kn95 kf94 ffp2 mask
Should corporate outdoor team-building activities be moved indoors?,Outdoor Activities,corporate outdoor team build activity move indoors
Can chronic smog exposure permanently stunt lung development in children?,Vulnerable Groups,chronic smog exposure permanently stunt lung development child
Why are roadside vendors and traffic police considered an occupational vulnerable group?,Vulnerable Groups,roadside vendor traffic police consider occupational vulnerable group
Can inhaling smog during a cold trigger secondary bacterial bronchitis?,Respiratory Health,inhale smog cold trigger secondary bacterial bronchitis
How does traffic pollution affect vascular endothelial function?,Health Effects,traffic pollution affect vascular endothelial function
Quick question: Can breathing dirty air cause a dry metallic taste in the mouth?,Symptoms,quick question breathe dirty air cause dry metallic taste mouth
Can I do light yoga in the park when the AQI is 155?,Outdoor Activities,light yoga park aqi 155
How does air pollution interact with hypertension in elderly populations?,Vulnerable Groups,air pollution interact hypertension elderly population
Please explain: Why does inhaling cold polluted air make my chest feel tight?,Symptoms,please explain inhale cold pollute air make chest feel tight
Can I exercise outdoors in the evening if the AQI is 320?,Outdoor Activities,exercise outdoors even aqi 320
How do occupational hygienists calculate time-weighted average exposure to respirable dust?,Pollution Exposure,occupational hygienist calculate time weight average exposure respirable dust
Can air pollution cause long term hyperreactivity of the vagal sensory nerves in the lungs?,Respiratory Health,air pollution cause long term hyperreactivity vagal sensory nerve lung
"Doctor, What is the difference between FFP2 and N95 mask standards?",Masks and Protection,doctor difference ffp2 n95 mask standard
"What is the difference between N95, KN95, KF94, and N99 respirators?",Masks and Protection,difference n95 kn95 kf94 n99 respirator
Can you tell me: Can air pollution cause behavioral issues or ADHD symptoms in children?,Vulnerable Groups,tell air pollution cause behavioral issue adhd symptom child
Is evening running safer than early morning running during winter smog?,Outdoor Activities,even run safer early morning run winter smog
"Doctor, Can two surgical masks worn together equal the filtration of an N95?",Masks and Protection,doctor two surgical mask wear together equal filtration n95
How is ground-level ozone factored into the AQI formula?,AQI Information,grind level ozone factor aqi formula
Can children play in the backyard playground when the AQI is 185?,Outdoor Activities,child play backyard playground aqi 185
"Doctor, Could you explain if why do I get a pounding frontal headache after commuting in traffic?",Symptoms,doctor could explain get pound frontal headache commute traffic
"I want to know, How can residents living downwind of factories protect their indoor air?",Precautions,want know resident live downwind factory protect indoor air
Can air pollution aggravate sleep apnea and nocturnal hypoxemia?,Respiratory Health,air pollution aggravate sleep apnea nocturnal hypoxemia
How does sulfur dioxide cause sudden bronchoconstriction in sensitive lungs?,Respiratory Health,sulfur dioxide cause sudden bronchoconstriction sensitive lung
How does poor air quality affect organ transplant recipients?,Vulnerable Groups,poor air quality affect organ transplant recipient
Can I walk my dog outside for an hour when the air quality is 125?,Outdoor Activities,walk dog outside hour air quality 125
How does ground level ozone affect internal body organs?,Health Effects,grind level ozone affect internal body organ
Please explain: What does a purple air quality alert signify?,AQI Information,please explain purple air quality alert signify
Can air pollution increase the frequency of respiratory tract infections?,Respiratory Health,air pollution increase frequency respiratory tract infection
Why does photochemical smog require sunlight to form ground level ozone?,AQI Information,photochemical smog require sunlight form grind level ozone
Can childhood exposure to high PM2.5 permanently curtail peak lung growth?,Respiratory Health,childhood exposure high pm25 permanently curtail peak lung growth
Quick question: Does air pollution contribute to systemic vascular inflammation?,Health Effects,quick question air pollution contribute systemic vascular inflammation
Quick question: Why do I feel unusually fatigued and low energy on high pollution days?,Symptoms,quick question feel unusually fatigue low energy high pollution day
Why do I cough up dark or gray mucus after spending time outdoors?,Symptoms,cough dark gray mucus spend time outdoors
"Could you explain if i want to know, Quick question: Can breathing dirty air cause a dry metallic taste in the mouth?",Symptoms,could explain want know quick question breathe dirty air cause dry metallic taste mouth
"Could you explain if i want to know, Can bad air cause sharp stinging sensations in the trachea?",Symptoms,could explain want know bad air cause sharp sting sensation trachea
Why does fogging on eyeglasses indicate a poor respirator fit?,Masks and Protection,fog eyeglass indicate poor respirator fit
Can acute high-level smog exposure cause transient endothelial dysfunction for 72 hours?,Pollution Exposure,acute high level smog exposure cause transient endothelial dysfunction 72 hour
"Doctor, Can air pollution cause long term hyperreactivity of the vagal sensory nerves in the lungs?",Respiratory Health,doctor air pollution cause long term hyperreactivity vagal sensory nerve lung
Can you tell me: What is the difference between particulate filtering and gas filtration?,Masks and Protection,tell difference particulate filter gas filtration
How does exposure to burning biomass compare to vehicle emissions in toxicity?,Pollution Exposure,exposure burn biomass compare vehicle emission toxicity
Please explain: How can I monitor indoor air quality levels inside my living room?,Precautions,please explain monitor indoor air quality level inside live room
Explain what AQI 55 indicates.,AQI Information,explain aqi 55 indicate
What does a maroon AQI warning signify?,AQI Information,maroon aqi warn signify
What are the cumulative health detriments for airport ground staff exposed to jet exhaust?,Pollution Exposure,cumulative health detriment airport grind staff expose jet exhaust
How does particulate pollution affect surfactant production in the lungs?,Respiratory Health,particulate pollution affect surfactant production lung
What immediate steps should be taken when a hazardous air alert is issued?,Precautions,immediate step take hazardous air alert issue
Could you explain if can smog cause burning sensations throughout the upper respiratory tract?,Symptoms,could explain smog cause burn sensation throughout upper respiratory tract
How does air pollution affect sleep architecture and sleep apnea?,Health Effects,air pollution affect sleep architecture sleep apnea
Should schools cancel outdoor sports practices and recess today?,Outdoor Activities,school cancel outdoor sport practice recess today
What happens to the circulatory system during a severe smog episode?,Health Effects,happen circulatory system severe smog episode
Can I do light yoga in the park when the AQI is 140?,Outdoor Activities,light yoga park aqi 140
Can you tell me: Can diesel exhaust exposure cause airway remodeling and subepithelial fibrosis?,Respiratory Health,tell diesel exhaust exposure cause airway remodel subepithelial fibrosis
Why do pediatric doctors advise parents to keep young kids inside on red alert days?,Vulnerable Groups,pediatric doctor advise parent keep young kid inside red alert day
Why do I feel unusually fatigued and low energy on high pollution days?,Symptoms,feel unusually fatigue low energy high pollution day
Can I ride my open motorcycle or scooter safely in heavy smog?,Outdoor Activities,ride open motorcycle scooter safely heavy smog
Can air pollution trigger acute migraine attacks with light sensitivity?,Symptoms,air pollution trigger acute migraine attack light sensitivity
Why does smog lead to excessive bronchial mucus production and airway plugging?,Respiratory Health,smog lead excessive bronchial mucus production airway plug
Should commuters wear protective glasses or sunglasses in dusty smog?,Precautions,commuter wear protective glass sunglass dusty smog
Can athletes train outside if they wear an anti-pollution mask while running?,Outdoor Activities,athlete train outside wear anti pollution mask run
"Quick question: Doctor, Can fine particles cross the blood-brain barrier?",Health Effects,quick question doctor fine particle cross blood brain barrier
How deeply do ultrafine particles penetrate into the pulmonary alveoli?,Respiratory Health,deeply ultrafine particle penetrate pulmonary alveolus
Can chronic pollution exposure contribute to type 2 diabetes?,Health Effects,chronic pollution exposure contribute type diabetes
Can air pollution increase systemic oxidative stress markers?,Health Effects,air pollution increase systemic oxidative stress marker
Can people with mild fitness goals walk outside when AQI is 115?,Outdoor Activities,people mild fitness goal walk outside aqi 115
"I want to know, Why do I feel lightheaded after riding my scooter in heavy traffic?",Symptoms,want know feel lightheaded rid scooter heavy traffic
Can I run outside when the AQI is 320?,Outdoor Activities,run outside aqi 320
Is it true that quick question: Can particulate pollution cause inflammation of the bronchial tubes?,Respiratory Health,true quick question particulate pollution cause inflammation bronchial tube
Can an N95 respirator mask be reused multiple times for smog?,Masks and Protection,n95 respirator mask reuse multiple time smog
Can poor air quality worsen obstructive sleep apnea and hypoxemia?,Respiratory Health,poor air quality worsen obstructive sleep apnea hypoxemia
How does smog exposure impact pulmonary artery pressure and cor pulmonale?,Respiratory Health,smog exposure impact pulmonary artery pressure cor pulmonale
"Doctor, How does diesel particulate matter induce airway hyperresponsiveness?",Respiratory Health,doctor diesel particulate matter induce airway hyperresponsiveness
Does air pollution impact kidney and liver function over time?,Health Effects,air pollution impact kidney liver function time
How is sulfur dioxide tracked in the ambient air index?,AQI Information,sulfur dioxide track ambient air index
Is it safe to cycle to work when air quality is classified as Very Unhealthy?,Outdoor Activities,safe cycle work air quality classify unhealthy
Can you tell me: What immediate steps should be taken when a hazardous air alert is issued?,Precautions,tell immediate step take hazardous air alert issue
"Could you explain if doctor, How does distance from a major arterial road affect particulate concentration gradients?",Pollution Exposure,could explain doctor distance major arterial road affect particulate concentration gradient
What are the six air quality categories defined by the EPA?,AQI Information,six air quality category define epa
Why are patients with neuromuscular diseases like ALS sensitive to smog?,Vulnerable Groups,patient neuromuscular disease like al sensitive smog
How can I ensure an airtight seal when wearing an N95 respirator?,Masks and Protection,ensure airtight seal wear n95 respirator
Is it safe to cycle to work when air quality is classified as Hazardous?,Outdoor Activities,safe cycle work air quality classify hazardous
Is it true that is it true that why is air pollution considered a major global health hazard?,Health Effects,true true air pollution consider major global health hazard
What does a yellow AQI alert mean?,AQI Information,yellow aqi alert mean
Can pollution cause an irritating dry cough that disturbs sleep?,Symptoms,pollution cause irritate dry cough disturb sleep
Can reusable silicone respirators offer better comfort in tropical smog?,Masks and Protection,reusable silicone respirator offer better comfort tropical smog
Can you tell me: Could you explain if can smog cause burning sensations throughout the upper respiratory tract?,Symptoms,tell could explain smog cause burn sensation throughout upper respiratory tract
Can fine particles cross the blood-brain barrier?,Health Effects,fine particle cross blood brain barrier
Can I do calisthenics in an open-air park when the AQI is 155?,Outdoor Activities,calisthenics open air park aqi 155
How does humidity affect particulate matter readings in AQI?,AQI Information,humidity affect particulate matter reading aqi
"Doctor, Do simple cloth face coverings provide any defense against air pollution?",Masks and Protection,doctor simple cloth face covering provide defense air pollution
What health risks confront outdoor gig delivery drivers working in hazardous AQI?,Pollution Exposure,health risk confront outdoor gig delivery driver work hazardous aqi
Can outdoor gardeners and landscapers work safely in Unhealthy air?,Outdoor Activities,outdoor gardener landscaper work safely unhealthy air
Do simple cloth face coverings provide any defense against air pollution?,Masks and Protection,simple cloth face covering provide defense air pollution
"Doctor, How does distance from a major arterial road affect particulate concentration gradients?",Pollution Exposure,doctor distance major arterial road affect particulate concentration gradient
Could you explain if can sports training masks filter particulate air pollution?,Masks and Protection,could explain sport train mask filter particulate air pollution
Quick question: Why are people with hypertension more vulnerable during pollution crises?,Vulnerable Groups,quick question people hypertension vulnerable pollution crisis
What are the multi-organ consequences of severe environmental smog?,Health Effects,multi organ consequence severe environmental smog
"Doctor, Why are patients with cystic fibrosis highly vulnerable to particulate matter?",Vulnerable Groups,doctor patient cystic fibrosis highly vulnerable particulate matter
Could you explain if are there special pediatric N95 masks designed for children's smaller faces?,Masks and Protection,could explain special pediatric n95 mask design child smaller face
Can you tell me: What precautions should be taken when cooking to avoid adding to indoor PM2.5?,Precautions,tell precaution take cook avoid add indoor pm25
"I want to know, Can diesel exhaust exposure cause airway remodeling and subepithelial fibrosis?",Respiratory Health,want know diesel exhaust exposure cause airway remodel subepithelial fibrosis
How can I protect my household from toxic outdoor smoke and smog?,Precautions,protect household toxic outdoor smoke smog
Can air pollution during pregnancy increase the risk of low birth weight?,Vulnerable Groups,air pollution pregnancy increase risk low birth weight
Should marathon organizers cancel races when AQI exceeds 150?,Outdoor Activities,marathon organizer cancel race aqi exceed 150
"I want to know, Is air pollution classified as a human carcinogen by the WHO?",Health Effects,want know air pollution classify human carcinogen
Why is AQI usually worse at night and during early morning inversion?,AQI Information,aqi usually worse night early morning inversion
What preventive habits should city dwellers adopt during winter smog season?,Precautions,preventive habit city dweller adopt winter smog season
What are the cumulative health risks of living within 500 meters of a major highway?,Pollution Exposure,cumulative health risk live within 500 meter major highway
Quick question: Does air pollution cause an increase in emergency room cardiac visits?,Health Effects,quick question air pollution cause increase emergency room cardiac visit
Quick question: Can air pollution cause behavioral issues or ADHD symptoms in children?,Vulnerable Groups,quick question air pollution cause behavioral issue adhd symptom child
What are the dangers of prolonged exposure to diesel particulate matter on transit workers?,Pollution Exposure,danger prolong exposure diesel particulate matter transit worker
Is it true that why do I get a pounding frontal headache after commuting in traffic?,Symptoms,true get pound frontal headache commute traffic
Can children play in the backyard playground when the AQI is 350?,Outdoor Activities,child play backyard playground aqi 350
Why does my nose run uncontrollably when particulate levels are high?,Symptoms,nose run uncontrollably particulate level high
Can I exercise outdoors in the evening if the AQI is 215?,Outdoor Activities,exercise outdoors even aqi 215
"Doctor, What does an AQI between 0 and 50 indicate for sensitive people?",AQI Information,doctor aqi 50 indicate sensitive people
Why do individuals with sickle cell anemia need protection from bad air?,Vulnerable Groups,individual sickle cell anemia need protection bad air
"Quick question: Doctor, Why do asthmatics need their rescue inhalers more frequently during smog?",Respiratory Health,quick question doctor asthmatic need rescue inhaler frequently smog
What does a red air quality alert signify?,AQI Information,red air quality alert signify
Why do my eyes burn and water when air quality is bad?,Symptoms,eye burn water air quality bad
Please explain: How do lungs filter out inhaled soot and carbon particles over time?,Pollution Exposure,please explain lung filter inhale soot carbon particle time
What should you do if your indoor AQI monitor shows elevated PM2.5?,Precautions,indoor aqi monitor show elevate pm25
"Hey AQI-Sense, How is nitrogen dioxide measured in the air pollution index?",AQI Information,hey aqi sense nitrogen dioxide measure air pollution index
Can dirty air cause long term chronic bronchitis and persistent wheezing?,Respiratory Health,dirty air cause long term chronic bronchitis persistent wheeze
Quick question: Can particulate pollution cause inflammation of the bronchial tubes?,Respiratory Health,quick question particulate pollution cause inflammation bronchial tube
"Please explain: I want to know, Why do COPD patients experience acute exacerbations during high AQI spikes?",Respiratory Health,please explain want know copd patient experience acute exacerbation high aqi spike
What special precautions should nursing mothers take in severe pollution?,Vulnerable Groups,special precaution nurse mother take severe pollution
Could you explain if why do pulmonologists advise doubling preventer inhalers during pollution crises?,Respiratory Health,could explain pulmonologists advise double preventer inhaler pollution crisis
